tD,tR_over_tD,time,samples,dt,odd_mean,odd_stderr,even_mean,even_stderr,max_bond_dimension,mean_cumulative_jumps
0.98,1.02040816327,10,4,0.025,0.01462007116309011,0.002668225002406788,0.01937632033590855,0.00537752918266167,100,0
0.98,1.02040816327,10.1,4,0.025,0.0145399603828637,0.00268282329298194,0.01842390192008165,0.004790680697565061,100,0
0.98,1.02040816327,10.2,4,0.025,0.01449257553609384,0.002736164024106124,0.01761510791986132,0.004341139900711699,100,0
0.98,1.02040816327,10.3,4,0.025,0.01446644305327912,0.002824640046272931,0.01692646008829088,0.004019655797041283,100,0
0.98,1.02040816327,10.4,4,0.025,0.01441748519144636,0.002935281215293171,0.01632918654365824,0.003754519614150693,100,0
0.98,1.02040816327,10.5,4,0.025,0.01429574309519051,0.003052124916615064,0.01581309713062399,0.003500081735984401,100,0
0.98,1.02040816327,10.6,4,0.025,0.01404284314900934,0.003133073891231666,0.01497611277699521,0.003208246469448766,100,0.25
0.98,1.02040816327,10.7,4,0.025,0.01382853851250949,0.003229545620441943,0.01464098304802615,0.003056231804752317,100,0.25
0.98,1.02040816327,10.8,4,0.025,0.01363450605092989,0.003311377571959011,0.01439166799704605,0.003019776339221895,100,0.25
0.98,1.02040816327,10.9,4,0.025,0.01349073729575883,0.003382212415066778,0.01423136037910369,0.003070983909745742,100,0.25
0.98,1.02040816327,11,4,0.025,0.01334961806989272,0.003432748874203798,0.01416046572466813,0.003171429776013317,100,0.25
0.98,1.02040816327,11.1,4,0.025,0.01316138838209353,0.003462997805696734,0.01414116101569666,0.003283583444063442,100,0.25
0.98,1.02040816327,11.2,4,0.025,0.01294118987130352,0.003478618426055499,0.01408509161792279,0.003376777492836666,100,0.25
0.98,1.02040816327,11.3,4,0.025,0.0132630059859589,0.003077851532813819,0.01380157497437272,0.00355887217756723,100,0.5
0.98,1.02040816327,11.4,4,0.025,0.01313256207045566,0.003082772114096102,0.01366592937484631,0.003569689532331318,100,0.5
0.98,1.02040816327,11.5,4,0.025,0.01303834562787385,0.003096835345572984,0.01359545057229523,0.003588370785355492,100,0.5
0.98,1.02040816327,11.6,4,0.025,0.01292097390937224,0.003124571010061499,0.01358807652622351,0.00364480522645375,100,0.5
0.98,1.02040816327,11.7,4,0.025,0.01275226144612832,0.00315716960754057,0.0135792106548137,0.003714529747247741,100,0.5
0.98,1.02040816327,11.8,4,0.025,0.01253908664282678,0.003173642024783576,0.01349379951108725,0.003757190079903356,100,0.5
0.98,1.02040816327,11.9,4,0.025,0.01230831147693963,0.003169574325667101,0.01332376310200995,0.003748526052050526,100,0.5
0.98,1.02040816327,12,4,0.025,0.01190817654743466,0.003211603202120835,0.01281632373067502,0.003729923440843415,100,0.75
0.98,1.02040816327,10,8,0.025,0.01449800296197503,0.00138255056933282,0.0175454196828182,0.002679021799088546,100,0
0.98,1.02040816327,10.1,8,0.025,0.014053446274488,0.001386346387476394,0.01690492907540135,0.002403408009644764,100,0
0.98,1.02040816327,10.2,8,0.025,0.01374882918503345,0.001479744526474248,0.01594882677203561,0.002158057030989569,100,0.125
0.98,1.02040816327,10.3,8,0.025,0.01334242438098772,0.001547506752263478,0.01548376024664833,0.002016384056227543,100,0.125
0.98,1.02040816327,10.4,8,0.025,0.01210871672599645,0.001652430171066197,0.01496016699340343,0.001897092244361376,100,0.25
0.98,1.02040816327,10.5,8,0.025,0.01191127582546623,0.001710915534561917,0.01454311256390783,0.001798945559051058,100,0.25
0.98,1.02040816327,10.6,8,0.025,0.01167560498477728,0.001738996863462463,0.01382171262922499,0.001660826465247498,100,0.375
0.98,1.02040816327,10.7,8,0.025,0.01144883032261075,0.001781447715865561,0.01325781458849383,0.00160802838200821,100,0.375
0.98,1.02040816327,10.8,8,0.025,0.01123204319813536,0.001822830798299438,0.01280888231654944,0.001620499927265981,100,0.375
0.98,1.02040816327,10.9,8,0.025,0.01107087710702505,0.001861110764526286,0.01253626863276164,0.001669847760978437,100,0.375
0.98,1.02040816327,11,8,0.025,0.01071123079638553,0.001920191104414421,0.01244558092238334,0.001751555790597591,100,0.5
0.98,1.02040816327,11.1,8,0.025,0.01059551252692891,0.00193299518897143,0.01221908410301946,0.001826244081933989,100,0.5
0.98,1.02040816327,11.2,8,0.025,0.01048356234290832,0.001932314389976404,0.01191337157998926,0.00189428469975649,100,0.5
0.98,1.02040816327,11.3,8,0.025,0.0106386199113142,0.001824057675585012,0.01151704821971384,0.001981576448121795,100,0.625
0.98,1.02040816327,11.4,8,0.025,0.01056671744617089,0.001821493506489599,0.01129011978297551,0.002008551368403257,100,0.625
0.98,1.02040816327,11.5,8,0.025,0.01051880504759139,0.001825870622387555,0.01117187157294359,0.002036140061156788,100,0.625
0.98,1.02040816327,11.6,8,0.025,0.0104631744150344,0.001833141114806366,0.01109777620451073,0.002081756002697803,100,0.625
0.98,1.02040816327,11.7,8,0.025,0.01038414919034698,0.001838174866748832,0.01100161138293332,0.002132277817436451,100,0.625
0.98,1.02040816327,11.8,8,0.025,0.01027346447653569,0.001837147426882656,0.01085313256924006,0.002164820833121924,100,0.625
0.98,1.02040816327,11.9,8,0.025,0.01012357620116213,0.001833740763232217,0.01066806440163062,0.002169333478683538,100,0.625
0.98,1.02040816327,12,8,0.025,0.009983379036833485,0.001825239790785056,0.01035953592405056,0.002131603574119181,100,0.875
0.98,1.02040816327,10,16,0.025,0.01318578585774186,0.001252692240956775,0.01862019136375696,0.002865702614513388,100,0
0.98,1.02040816327,10.1,16,0.025,0.01227619163814703,0.00128702271135275,0.01824531642333519,0.002739770816477836,100,0.0625
0.98,1.02040816327,10.2,16,0.025,0.01220860349843705,0.001253578250865605,0.01755982571242277,0.002603126732119551,100,0.125
0.98,1.02040816327,10.3,16,0.025,0.01210231207119937,0.001210792213759467,0.0170572313299045,0.002474706405374067,100,0.125
0.98,1.02040816327,10.4,16,0.025,0.01153844744131945,0.001175260919476145,0.01648755836198164,0.002370367377323064,100,0.1875
0.98,1.02040816327,10.5,16,0.025,0.01147371114558419,0.001166362828511561,0.01598368135214219,0.002287973349095833,100,0.1875
0.98,1.02040816327,10.6,16,0.025,0.0114307015717035,0.001167826525868605,0.01536493268086093,0.002204226848854932,100,0.25
0.98,1.02040816327,10.7,16,0.025,0.01144434292307643,0.001206103067634651,0.01484694305218429,0.002110422202712441,100,0.25
0.98,1.02040816327,10.8,16,0.025,0.01146977171452427,0.001269276978148033,0.01437966438696041,0.002009920746874649,100,0.25
0.98,1.02040816327,10.9,16,0.025,0.0114839859554412,0.001335601601609793,0.01399251093400222,0.001924066221232444,100,0.25
0.98,1.02040816327,11,16,0.025,0.01134590528493943,0.001401174702991592,0.01371811029333539,0.001869289257973283,100,0.3125
0.98,1.02040816327,11.1,16,0.025,0.01131030941562826,0.001431927868803637,0.01365711955398523,0.001795281058480195,100,0.375
0.98,1.02040816327,11.2,16,0.025,0.01124820499027006,0.001456258398061334,0.01335861695594426,0.001779518768022772,100,0.375
0.98,1.02040816327,11.3,16,0.025,0.01131026095451537,0.001440313216419623,0.01302628705717466,0.001774750529999725,100,0.4375
0.98,1.02040816327,11.4,16,0.025,0.01121612964289086,0.001450059101220634,0.01278456385013926,0.00175610861615327,100,0.5
0.98,1.02040816327,11.5,16,0.025,0.01115646373576227,0.001446717159527407,0.01259666449827203,0.001733325456602318,100,0.5625
0.98,1.02040816327,11.6,16,0.025,0.01093704032840665,0.001422619233022011,0.01234255668274256,0.001695582728270285,100,0.625
0.98,1.02040816327,11.7,16,0.025,0.01077760955011132,0.001408464599055051,0.0121590614846314,0.001700388933897782,100,0.625
0.98,1.02040816327,11.8,16,0.025,0.01062159409266521,0.001400575598088054,0.0119970379298689,0.001718011457248898,100,0.625
0.98,1.02040816327,11.9,16,0.025,0.01046398333410365,0.001403538231796661,0.01183535885615873,0.001736864361644157,100,0.625
0.98,1.02040816327,12,16,0.025,0.01035997435415731,0.001395036009647066,0.01170916998482987,0.001712333422597668,100,0.8125
0.98,1.02040816327,10,32,0.025,0.01244351207848964,0.001145644362063408,0.01628417724425625,0.002264517876965194,100,0
0.98,1.02040816327,10.1,32,0.025,0.01181467993740244,0.001126745309506067,0.01588770980088523,0.002148058332159174,100,0.0625
0.98,1.02040816327,10.2,32,0.025,0.01130479198312292,0.001096879968767799,0.01525412219633918,0.002031493359996548,100,0.15625
0.98,1.02040816327,10.3,32,0.025,0.01116495935702079,0.001089200864916611,0.01473287513282681,0.001919415921388154,100,0.1875
0.98,1.02040816327,10.4,32,0.025,0.01084120073816244,0.00108308843600192,0.01422583987324246,0.001827909673260622,100,0.21875
0.98,1.02040816327,10.5,32,0.025,0.0109178403895053,0.001135106459347595,0.01387212473278288,0.001767662138565311,100,0.25
0.98,1.02040816327,10.6,32,0.025,0.01086453126930533,0.001148456509998609,0.01338073657928599,0.001703626829185117,100,0.28125
0.98,1.02040816327,10.7,32,0.025,0.01084372238905926,0.001171419305876542,0.01294059004701291,0.00164110907996783,100,0.28125
0.98,1.02040816327,10.8,32,0.025,0.01083731466645923,0.001203693255155355,0.01257595313124435,0.001573718047015297,100,0.3125
0.98,1.02040816327,10.9,32,0.025,0.01139352455047163,0.001536934316129928,0.01159944689199658,0.001467165416834987,100,0.375
0.98,1.02040816327,11,32,0.025,0.01134047873497928,0.001601568240868136,0.01134654478705596,0.001420976109849052,100,0.4375
0.98,1.02040816327,11.1,32,0.025,0.01129868207006815,0.001634691980587079,0.0111986511299581,0.00137736262267634,100,0.46875
0.98,1.02040816327,11.2,32,0.025,0.01118302646267109,0.00163798437122134,0.0109498391019735,0.001349604637577568,100,0.46875
0.98,1.02040816327,11.3,32,0.025,0.0112416533547589,0.001590515260300034,0.01078686989053265,0.001312564552186715,100,0.5625
0.98,1.02040816327,11.4,32,0.025,0.01104305171289155,0.001568444517357885,0.01060353659980512,0.001292624378987861,100,0.59375
0.98,1.02040816327,11.5,32,0.025,0.01085055844543441,0.001539497512927643,0.0104488671953438,0.001277362232814254,100,0.625
0.98,1.02040816327,11.6,32,0.025,0.01070191130910803,0.001538601707220091,0.01025861835400362,0.001260401401153133,100,0.6875
0.98,1.02040816327,11.7,32,0.025,0.01040620156872448,0.00148220994835687,0.010124871356148,0.001269474168367184,100,0.6875
0.98,1.02040816327,11.8,32,0.025,0.01008463456636784,0.001418539874346514,0.01001019926137432,0.001288668226450216,100,0.6875
0.98,1.02040816327,11.9,32,0.025,0.009758670444815791,0.001348601812862498,0.009863193043430845,0.001301807808953838,100,0.75
0.98,1.02040816327,12,32,0.025,0.009493264368360958,0.001299169678122526,0.009752009129337207,0.001304772197066027,100,0.84375
0.98,1.02040816327,10,64,0.025,0.01200038213634863,0.0008007166890737549,0.01487149657797521,0.001391839471314132,100,0
0.98,1.02040816327,10.1,64,0.025,0.01170227704378511,0.0008118507114186586,0.01458011461504711,0.001330419440612065,100,0.09375
0.98,1.02040816327,10.2,64,0.025,0.01138012094779019,0.0008000344411469,0.01399223487999448,0.001263906806910921,100,0.1875
0.98,1.02040816327,10.3,64,0.025,0.01135145038720809,0.0008080835291425597,0.01345564446993167,0.001203362697807216,100,0.234375
0.98,1.02040816327,10.4,64,0.025,0.01121428766939321,0.0008428532396103017,0.01314001516745866,0.001178439632124277,100,0.28125
0.98,1.02040816327,10.5,64,0.025,0.01117893472692614,0.0008662121505658746,0.01277181394237885,0.001141996552843588,100,0.34375
0.98,1.02040816327,10.6,64,0.025,0.01107059716802287,0.0008850201925506782,0.0123365643851529,0.001105247076941864,100,0.390625
0.98,1.02040816327,10.7,64,0.025,0.01092499713090078,0.0008866351039519929,0.011877494101273,0.001063951729698694,100,0.390625
0.98,1.02040816327,10.8,64,0.025,0.01075910968869924,0.000886147640470256,0.01146677456410813,0.00102288332432453,100,0.40625
0.98,1.02040816327,10.9,64,0.025,0.01086355181064183,0.0009993945242195673,0.01080709736520488,0.000965886758729305,100,0.46875
0.98,1.02040816327,11,64,0.025,0.01072067503227979,0.001017802326766422,0.0105700149756235,0.0009443925630022181,100,0.5625
0.98,1.02040816327,11.1,64,0.025,0.01062621487099998,0.001029892520999923,0.01037343585066806,0.0009249355260223623,100,0.59375
0.98,1.02040816327,11.2,64,0.025,0.01044124813504056,0.001026144771281614,0.01010298249267177,0.0009078328393420961,100,0.59375
0.98,1.02040816327,11.3,64,0.025,0.01035897357274414,0.0009993628769526207,0.009896235763943169,0.0008842863772385344,100,0.671875
0.98,1.02040816327,11.4,64,0.025,0.01011281843283911,0.0009811724818386402,0.009656258853296058,0.0008685238870993052,100,0.6875
0.98,1.02040816327,11.5,64,0.025,0.009617032081580303,0.0009468036913856837,0.009182085025876455,0.0008804920444697136,100,0.71875
0.98,1.02040816327,11.6,64,0.025,0.009408571101469995,0.0009403952163223497,0.008936643022827765,0.000871073088407291,100,0.765625
0.98,1.02040816327,11.7,64,0.025,0.009151411119671259,0.0009112203936095205,0.008781560636722587,0.0008669985979687942,100,0.8125
0.98,1.02040816327,11.8,64,0.025,0.008836777550196313,0.0008787617256434424,0.008581318884382662,0.0008691357453856869,100,0.828125
0.98,1.02040816327,11.9,64,0.025,0.008498497922359223,0.0008381959918872309,0.008368924929575109,0.0008646121182389735,100,0.890625
0.98,1.02040816327,12,64,0.025,0.008277714103585123,0.0008075565299219189,0.008148892671410507,0.0008731193702152252,100,0.96875
0.99,1.0101010101,10,4,0.025,0.01443980550165187,0.003846417263665492,0.01736187805185498,0.00504546351775775,100,0
0.99,1.0101010101,10.1,4,0.025,0.01421927630178603,0.003822408464023981,0.01658676043905618,0.004642796286315555,100,0
0.99,1.0101010101,10.2,4,0.025,0.01405562748081571,0.003839872388574628,0.01590184795726032,0.004351175962448428,100,0
0.99,1.0101010101,10.3,4,0.025,0.01392485700723283,0.003887218170517833,0.01528970341052761,0.004132707155784516,100,0
0.99,1.0101010101,10.4,4,0.025,0.0137800571219315,0.003943261423728048,0.01474267549073792,0.003914927449050319,100,0
0.99,1.0101010101,10.5,4,0.025,0.01358367309394487,0.003989196955330137,0.01427884053548216,0.003682959954071768,100,0
0.99,1.0101010101,10.6,4,0.025,0.01320262348817908,0.003961385666911899,0.01354266454326783,0.003417302921656362,100,0.25
0.99,1.0101010101,10.7,4,0.025,0.01296499085464433,0.003967205897884535,0.01330408307223017,0.003315851616064856,100,0.25
0.99,1.0101010101,10.8,4,0.025,0.01275168635746176,0.003960321654367621,0.01314148023480215,0.003309775083750982,100,0.25
0.99,1.0101010101,10.9,4,0.025,0.01257235333638367,0.003953779996850207,0.01302589473299779,0.003357427081587936,100,0.25
0.99,1.0101010101,11,4,0.025,0.0123755066587716,0.003939169447431997,0.01293770389067111,0.003421594915612364,100,0.25
0.99,1.0101010101,11.1,4,0.025,0.01212471071277659,0.003909921490600981,0.01285484687621746,0.003480862950408127,100,0.25
0.99,1.0101010101,11.2,4,0.025,0.01185124226160396,0.003868980819289023,0.01273466827243394,0.003523847969244644,100,0.25
0.99,1.0101010101,11.3,4,0.025,0.01215210135358203,0.003501745520293423,0.01232112178913551,0.003719571315707429,100,0.5
0.99,1.0101010101,11.4,4,0.025,0.01199060324789252,0.003473618617879858,0.01217366075920697,0.003699377036082493,100,0.5
0.99,1.0101010101,11.5,4,0.025,0.01185006456593795,0.003482934591708072,0.01207748646981248,0.00369280555677288,100,0.5
0.99,1.0101010101,11.6,4,0.025,0.01166648273864523,0.003519441683695222,0.01200033855757124,0.003725706933418258,100,0.5
0.99,1.0101010101,11.7,4,0.025,0.01141859973347053,0.003549048385190136,0.01188808234126934,0.003772799423794411,100,0.5
0.99,1.0101010101,11.8,4,0.025,0.01114355679370717,0.003544124281887659,0.01171538209204136,0.003793068406856427,100,0.5
0.99,1.0101010101,11.9,4,0.025,0.01089229885219204,0.003515781571379787,0.01150566897774079,0.003763422526420843,100,0.5
0.99,1.0101010101,12,4,0.025,0.0105599990644228,0.003556770842843996,0.01182669033944539,0.003557931630746748,100,0.75
0.99,1.0101010101,10,8,0.025,0.01378552753013,0.001949721559725848,0.0161337045853343,0.00254290189945168,100,0
0.99,1.0101010101,10.1,8,0.025,0.0133438671433373,0.001939997227150768,0.01552366032027126,0.002389089854616759,100,0
0.99,1.0101010101,10.2,8,0.025,0.01301694167392122,0.00198266566901832,0.01467083644666972,0.002235038723347105,100,0.125
0.99,1.0101010101,10.3,8,0.025,0.0126137465988855,0.002019221248268822,0.01424057184424659,0.002163193808195511,100,0.125
0.99,1.0101010101,10.4,8,0.025,0.01138152045346467,0.002101969587807465,0.01383530480168006,0.002089403838675814,100,0.25
0.99,1.0101010101,10.5,8,0.025,0.01114351598093291,0.002125138273179233,0.01343700531934447,0.002015217281386604,100,0.25
0.99,1.0101010101,10.6,8,0.025,0.01083907736425565,0.002098735810923724,0.01273303079280163,0.001893393691293873,100,0.375
0.99,1.0101010101,10.7,8,0.025,0.01060609490908099,0.002098299299035625,0.01218504408356117,0.001844381422807663,100,0.375
0.99,1.0101010101,10.8,8,0.025,0.01038849053376749,0.002096126442541439,0.01176126899539414,0.001855429035466298,100,0.375
0.99,1.0101010101,10.9,8,0.025,0.01020699797434798,0.002096288046879372,0.01150536243948593,0.001897675650556816,100,0.375
0.99,1.0101010101,11,8,0.025,0.009815830238332549,0.002100223261854042,0.01137891156456642,0.001961078997836774,100,0.5
0.99,1.0101010101,11.1,8,0.025,0.009644456024401955,0.002084483638019841,0.01111658480634056,0.001999760558570673,100,0.5
0.99,1.0101010101,11.2,8,0.025,0.009492352879533622,0.002060400929507491,0.01077917151468849,0.002027048517806132,100,0.5
0.99,1.0101010101,11.3,8,0.025,0.009633449793217216,0.001957330932192805,0.01032561602132838,0.002095114756902819,100,0.625
0.99,1.0101010101,11.4,8,0.025,0.009544148227677341,0.001947223221274462,0.0101025057537235,0.00209873192891645,100,0.625
0.99,1.0101010101,11.5,8,0.025,0.009469319841893527,0.001953274362433957,0.009980036816037341,0.002107887453529604,100,0.625
0.99,1.0101010101,11.6,8,0.025,0.009377431535549804,0.001965969937633006,0.009883879673642661,0.002131880789655966,100,0.625
0.99,1.0101010101,11.7,8,0.025,0.009259436087224921,0.001973122028040812,0.009754861070194493,0.002157831288963291,100,0.625
0.99,1.0101010101,11.8,8,0.025,0.009123403519898609,0.001970504402605544,0.009583175469470583,0.002169150080805252,100,0.625
0.99,1.0101010101,11.9,8,0.025,0.008973025163560435,0.001966380594404248,0.009393581224721314,0.002159825377452474,100,0.625
0.99,1.0101010101,12,8,0.025,0.008821789728741668,0.001967817913253691,0.009539919518372367,0.002101608228312898,100,0.875
0.99,1.0101010101,10,16,0.025,0.01319070767275314,0.001646536765619896,0.0170014420581612,0.002429355734580683,100,0
0.99,1.0101010101,10.1,16,0.025,0.01226709243828754,0.00165383482038948,0.01671362592569836,0.002351903341107131,100,0.0625
0.99,1.0101010101,10.2,16,0.025,0.01216995776280692,0.001618990914882179,0.01610108159140422,0.002251215424073033,100,0.125
0.99,1.0101010101,10.3,16,0.025,0.01203428950512382,0.001578983412908921,0.01564026596268939,0.002154900669308239,100,0.125
0.99,1.0101010101,10.4,16,0.025,0.01142806033793608,0.001554382782174181,0.01515458195616671,0.002068897749209485,100,0.1875
0.99,1.0101010101,10.5,16,0.025,0.01129773149570941,0.001525294982785734,0.01468342866552951,0.001999984657559751,100,0.1875
0.99,1.0101010101,10.6,16,0.025,0.01118072141641903,0.001498635065502548,0.01409555194295478,0.001931117301064556,100,0.25
0.99,1.0101010101,10.7,16,0.025,0.01115857739359036,0.001507457131758016,0.01361072100020867,0.001864357390005528,100,0.25
0.99,1.0101010101,10.8,16,0.025,0.01115290299253425,0.001536313835181043,0.01318665932136116,0.001800142046520222,100,0.25
0.99,1.0101010101,10.9,16,0.025,0.0111211520646907,0.001569063162935729,0.01284131358085436,0.001749475293591098,100,0.25
0.99,1.0101010101,11,16,0.025,0.01092475573983162,0.001599910775224658,0.01258092800097949,0.001722406712755556,100,0.3125
0.99,1.0101010101,11.1,16,0.025,0.0108049981563876,0.00160965260930495,0.01252980705966277,0.001670259893060389,100,0.375
0.99,1.0101010101,11.2,16,0.025,0.01067974191195785,0.001613676454258897,0.01224141742940309,0.001668660539145275,100,0.375
0.99,1.0101010101,11.3,16,0.025,0.01070542610299129,0.001586338551806665,0.01191223454266759,0.00168663829161608,100,0.4375
0.99,1.0101010101,11.4,16,0.025,0.01058895891871461,0.00158380201165418,0.01170899847308333,0.001684778909962511,100,0.5
0.99,1.0101010101,11.5,16,0.025,0.01047729243279562,0.001578792304551401,0.01145214320475137,0.00170747131385808,100,0.5625
0.99,1.0101010101,11.6,16,0.025,0.01025901698357269,0.001552332014649302,0.01118141704197188,0.001668569762610158,100,0.625
0.99,1.0101010101,11.7,16,0.025,0.01006858739345091,0.001535940894318251,0.01101658750295655,0.001680634704202194,100,0.625
0.99,1.0101010101,11.8,16,0.025,0.009886462665355122,0.001524656661853015,0.01088859023418156,0.001702394339659545,100,0.625
0.99,1.0101010101,11.9,16,0.025,0.009724892590236777,0.00152508243858557,0.01078015875106121,0.001725826367491788,100,0.625
0.99,1.0101010101,12,16,0.025,0.00958262920995231,0.001530137763961008,0.01080742852070726,0.001726533695974575,100,0.8125
0.99,1.0101010101,10,32,0.025,0.01261194032776483,0.001323817480296294,0.01501878464435689,0.001869825628676585,100,0
0.99,1.0101010101,10.1,32,0.025,0.01192803182332832,0.001286877325848752,0.01471492435962956,0.001793258512370776,100,0.0625
0.99,1.0101010101,10.2,32,0.025,0.01140247309745641,0.001231967076078828,0.01421282001158711,0.001709028117785199,100,0.15625
0.99,1.0101010101,10.3,32,0.025,0.01121210912604015,0.001206708199194513,0.01371214130530415,0.001627756357679921,100,0.1875
0.99,1.0101010101,10.4,32,0.025,0.01083420303878971,0.001188596513705334,0.01326690234746236,0.00156146607940788,100,0.21875
0.99,1.0101010101,10.5,32,0.025,0.01084406078806567,0.001216586810868539,0.01293619600981081,0.001519529566694479,100,0.25
0.99,1.0101010101,10.6,32,0.025,0.01072388867042848,0.001213877113108811,0.01250231004714433,0.001472460272971273,100,0.28125
0.99,1.0101010101,10.7,32,0.025,0.01066621028026381,0.001223562026988805,0.01212213118631437,0.001427522036229684,100,0.28125
0.99,1.0101010101,10.8,32,0.025,0.01061593951847868,0.001241242145055536,0.01181791839002257,0.001377746529786054,100,0.3125
0.99,1.0101010101,10.9,32,0.025,0.01115921351794131,0.001605357640454987,0.01093166030464316,0.001292039257351836,100,0.375
0.99,1.0101010101,11,32,0.025,0.01107025563919202,0.001663252117848045,0.01070231579900854,0.001258280817043358,100,0.4375
0.99,1.0101010101,11.1,32,0.025,0.01097173409950523,0.001692182864658898,0.01057729420899467,0.001225204899634322,100,0.46875
0.99,1.0101010101,11.2,32,0.025,0.01080926116150184,0.001687320322185896,0.01034888971635784,0.001206915042077992,100,0.46875
0.99,1.0101010101,11.3,32,0.025,0.01084708327232083,0.001630432060027292,0.01020424954408992,0.001180333192006355,100,0.5625
0.99,1.0101010101,11.4,32,0.025,0.01063877795363768,0.001600119989900574,0.01005451089779644,0.001172621869082552,100,0.59375
0.99,1.0101010101,11.5,32,0.025,0.01042777967937416,0.001566443506391164,0.009887478890320213,0.001179354414486364,100,0.625
0.99,1.0101010101,11.6,32,0.025,0.0102613214054997,0.001552552522604124,0.009731312786818026,0.001175547772403713,100,0.6875
0.99,1.0101010101,11.7,32,0.025,0.009950149303110844,0.001491427010795101,0.00961480968364766,0.001194505093094555,100,0.6875
0.99,1.0101010101,11.8,32,0.025,0.009618032605299517,0.001421684651513432,0.009507234620329898,0.00121865004246613,100,0.6875
0.99,1.0101010101,11.9,32,0.025,0.009245690726724907,0.001320524480026811,0.009367533205365985,0.001232073289029047,100,0.75
0.99,1.0101010101,12,32,0.025,0.008978376246460782,0.001275068835365741,0.009315403259214709,0.001242633731736988,100,0.84375
0.99,1.0101010101,10,64,0.025,0.01204029502189087,0.0008646261053253027,0.01410731714052575,0.001233323186338642,100,0
0.99,1.0101010101,10.1,64,0.025,0.01172916498014096,0.0008687494608139027,0.01365474612941591,0.001209137579844881,100,0.09375
0.99,1.0101010101,10.2,64,0.025,0.01142133117543898,0.0008453105292446232,0.01314244732139613,0.001160655271153241,100,0.1875
0.99,1.0101010101,10.3,64,0.025,0.01132189910944627,0.0008370565839729502,0.01276718435771892,0.001113699584110366,100,0.234375
0.99,1.0101010101,10.4,64,0.025,0.01110828674024108,0.0008413630126482781,0.01243343775474839,0.001090623230702713,100,0.28125
0.99,1.0101010101,10.5,64,0.025,0.01107887152367494,0.0008526007645090847,0.01209565779880668,0.001056190710263371,100,0.34375
0.99,1.0101010101,10.6,64,0.025,0.0109125769554757,0.0008588546786649641,0.01169085293773006,0.001022795807256005,100,0.390625
0.99,1.0101010101,10.7,64,0.025,0.01077265390880705,0.0008603454366759539,0.0112768894315047,0.000987806974494564,100,0.390625
0.99,1.0101010101,10.8,64,0.025,0.0106178022015786,0.0008614088015679057,0.01091420454883738,0.000952958548888397,100,0.40625
0.99,1.0101010101,10.9,64,0.025,0.01078028782309607,0.0009924094817078078,0.01028826599693881,0.0009056302530914177,100,0.46875
0.99,1.0101010101,11,64,0.025,0.01064564209484757,0.001012096985562379,0.01008004991549418,0.0008823263269881594,100,0.5625
0.99,1.0101010101,11.1,64,0.025,0.01048389457098699,0.001021948812049707,0.009906161980113761,0.000860855308257818,100,0.59375
0.99,1.0101010101,11.2,64,0.025,0.0102503898087318,0.001015426883285967,0.009662693749356441,0.0008434508909272259,100,0.59375
0.99,1.0101010101,11.3,64,0.025,0.01014017225488659,0.0009858310756811627,0.009493282070738809,0.0008214426350941514,100,0.671875
0.99,1.0101010101,11.4,64,0.025,0.009880435545854424,0.0009667612550203834,0.009285724064346733,0.0008084583966624647,100,0.6875
0.99,1.0101010101,11.5,64,0.025,0.009380019479377541,0.0009379350033803815,0.008826412874330593,0.0008311923070003478,100,0.71875
0.99,1.0101010101,11.6,64,0.025,0.00920924174360895,0.0009275028321526801,0.008687704753680697,0.000823232016429587,100,0.765625
0.99,1.0101010101,11.7,64,0.025,0.008969716636085629,0.0008895045424152312,0.008536969061431874,0.0008206970271451899,100,0.8125
0.99,1.0101010101,11.8,64,0.025,0.008622515350526737,0.000854248273994595,0.008328145486844617,0.0008244363900768021,100,0.828125
0.99,1.0101010101,11.9,64,0.025,0.008246474986199369,0.0008008652158599241,0.008105152323147609,0.0008213108644969265,100,0.890625
0.99,1.0101010101,12,64,0.025,0.007993817477513083,0.000773951983859001,0.007912202408947015,0.0008334465679131596,100,0.96875
1,1,10,4,0.025,0.01481574800485854,0.005428629556758519,0.01503613354476915,0.005150154191187189,100,0
1,1,10.1,4,0.025,0.01449516534032609,0.005304320138105671,0.01452997466255142,0.004922672859782352,100,0
1,1,10.2,4,0.025,0.01423156979190484,0.00523610820052985,0.01409935831044393,0.004742763463207483,100,0
1,1,10.3,4,0.025,0.01400459148712378,0.005198265309918348,0.01369823863694259,0.004574030842500039,100,0
1,1,10.4,4,0.025,0.01377321415894199,0.005161396009165515,0.0132988781140574,0.004369377034145957,100,0
1,1,10.5,4,0.025,0.01350162855844621,0.005108769896907795,0.01293727583679613,0.004154376532225212,100,0
1,1,10.6,4,0.025,0.01302912812102305,0.004984656199480512,0.01235288085070434,0.003947747383129006,100,0.25
1,1,10.7,4,0.025,0.01275220018793153,0.004898425473245364,0.01221971281122227,0.00390948408999971,100,0.25
1,1,10.8,4,0.025,0.01249406840025381,0.004796370486733642,0.01217326936012942,0.003933597037763986,100,0.25
1,1,10.9,4,0.025,0.01225553832225458,0.004685247451497034,0.01214263217666654,0.003954841706538976,100,0.25
1,1,11,4,0.025,0.01200204916211454,0.004558909776848286,0.01208143998814442,0.003941445173913085,100,0.25
1,1,11.1,4,0.025,0.01172669128180198,0.004420187762290107,0.01198419789114976,0.003909544003053706,100,0.25
1,1,11.2,4,0.025,0.01146195329721703,0.004282313741482123,0.01185222111606926,0.003884406537692284,100,0.25
1,1,11.3,4,0.025,0.01179590228137082,0.003809802947739667,0.01191034681089822,0.003693806069554588,100,0.5
1,1,11.4,4,0.025,0.01165058255753986,0.003706446919244326,0.01174538406207702,0.003676785370157571,100,0.5
1,1,11.5,4,0.025,0.01152415058585834,0.003641269547276823,0.01161446312890866,0.003661438376354981,100,0.5
1,1,11.6,4,0.025,0.01135392025812048,0.003609357595295353,0.0114815303558636,0.003661958926801999,100,0.5
1,1,11.7,4,0.025,0.01113385556816181,0.003575583147285156,0.01131647303340438,0.003669153342646963,100,0.5
1,1,11.8,4,0.025,0.01091364739837242,0.003517741923243728,0.01112373852164124,0.003662798882303667,100,0.5
1,1,11.9,4,0.025,0.01073467443411435,0.003454757009139961,0.01093039256455148,0.003630617972233173,100,0.5
1,1,12,4,0.025,0.01043738359761918,0.003495968806494872,0.0112738317852699,0.003426357651248244,100,0.75
1,1,10,8,0.025,0.01413067450998601,0.002670016338688677,0.01576152899568372,0.002752151820084786,100,0
1,1,10.1,8,0.025,0.01367632698335024,0.002611142412367257,0.01517763980051915,0.002629276884017181,100,0
1,1,10.2,8,0.025,0.01328442898907393,0.002582160949791094,0.01436880130340559,0.002482527916970199,100,0.125
1,1,10.3,8,0.025,0.01284608764547584,0.002562472414600451,0.0139814536314052,0.002409191025527005,100,0.125
1,1,10.4,8,0.025,0.01156916353546541,0.002640509653797532,0.01366428451235758,0.002343672688859572,100,0.25
1,1,10.5,8,0.025,0.01126658357633997,0.002606441384178176,0.01327821358406011,0.00226276381876983,100,0.25
1,1,10.6,8,0.025,0.01090240310740771,0.002526806848370963,0.01257895335095989,0.002145845370165439,100,0.375
1,1,10.7,8,0.025,0.01065549602165207,0.002472238606396947,0.01199877883673748,0.002087309134000118,100,0.375
1,1,10.8,8,0.025,0.01043003109339959,0.002409816380107945,0.01156169333309389,0.002086062536817584,100,0.375
1,1,10.9,8,0.025,0.01022088074997992,0.002345405081988224,0.01130260198184727,0.002103990971987251,100,0.375
1,1,11,8,0.025,0.0097760250802904,0.002286018737407407,0.01115347474508289,0.002127967136414519,100,0.5
1,1,11.1,8,0.025,0.009571222099509958,0.002218111332171006,0.0108474589329931,0.002119363868723145,100,0.5
1,1,11.2,8,0.025,0.009417274915856035,0.002151284502774801,0.01046937225614098,0.002110984652971776,100,0.5
1,1,11.3,8,0.025,0.009588381885268071,0.001988035126561172,0.01022599738822572,0.002057086365507427,100,0.625
1,1,11.4,8,0.025,0.009524257831144611,0.001945411292619677,0.009975428637048887,0.002060499485801946,100,0.625
1,1,11.5,8,0.025,0.00945635713418526,0.001923759983606751,0.009822330608405162,0.002063641542685468,100,0.625
1,1,11.6,8,0.025,0.009351989801626047,0.001916989066950044,0.009691037750224092,0.002070402005109895,100,0.625
1,1,11.7,8,0.025,0.0092273716071587,0.001909813413620642,0.009537021143184433,0.002075544900228904,100,0.625
1,1,11.8,8,0.025,0.009110040400228763,0.001897403038804421,0.009365042932054255,0.002073669991523111,100,0.625
1,1,11.9,8,0.025,0.008997457658809943,0.001890161349108892,0.009195813459074678,0.002063967780526927,100,0.625
1,1,12,8,0.025,0.008857786667762274,0.001898640588019694,0.009355662243308208,0.00200284930972164,100,0.875
1,1,10,16,0.025,0.01411959644971704,0.002193257831529289,0.01617775557369018,0.00211708555839561,100,0
1,1,10.1,16,0.025,0.01311060523170957,0.002158317607288719,0.01590626714407437,0.002059459099688668,100,0.0625
1,1,10.2,16,0.025,0.01288834207961743,0.002079391967068354,0.01526878712299472,0.00196830147758402,100,0.125
1,1,10.3,16,0.025,0.01263684695597652,0.002000626852998981,0.01480040690330273,0.001885411925009716,100,0.125
1,1,10.4,16,0.025,0.01192884955465301,0.001958404312442153,0.01435525317633178,0.001809984256230683,100,0.1875
1,1,10.5,16,0.025,0.01171496700898333,0.001890953617324936,0.01390265810211759,0.00174440906245579,100,0.1875
1,1,10.6,16,0.025,0.01153498450235986,0.001828846924897294,0.01333220154935542,0.001679176455448629,100,0.25
1,1,10.7,16,0.025,0.01147448454662991,0.00179860073065261,0.01284621366368474,0.001626935517529356,100,0.25
1,1,10.8,16,0.025,0.01142550469154433,0.0017831456934174,0.01243928091337478,0.001588801915784278,100,0.25
1,1,10.9,16,0.025,0.01133885045639716,0.001771505330920968,0.0121319947095731,0.001565190249450322,100,0.25
1,1,11,16,0.025,0.01108419593118422,0.001765327153583955,0.01190963948094599,0.001558165065624623,100,0.3125
1,1,11.1,16,0.025,0.01092076434701806,0.001751348325703138,0.01189076606291008,0.001512585238846582,100,0.375
1,1,11.2,16,0.025,0.01079193597372484,0.001738932131373984,0.01161535103109551,0.001517664307882004,100,0.375
1,1,11.3,16,0.025,0.01083471857209862,0.001694080011873932,0.01141791187494958,0.001508328730635025,100,0.4375
1,1,11.4,16,0.025,0.01072285900703348,0.001680150902792137,0.01122540054886481,0.001524913032605319,100,0.5
1,1,11.5,16,0.025,0.01060975246347657,0.001663772173643421,0.01097271276921512,0.001568754804199154,100,0.5625
1,1,11.6,16,0.025,0.01041701030335444,0.001637808243796199,0.01066663584388565,0.001529673153821923,100,0.625
1,1,11.7,16,0.025,0.01023480915711091,0.001620895192488047,0.0104979771651911,0.001539411746802355,100,0.625
1,1,11.8,16,0.025,0.01006822085232176,0.001610148539097778,0.01036992256922315,0.001555745202451402,100,0.625
1,1,11.9,16,0.025,0.009923997617983304,0.001610755123683222,0.01028070702914959,0.001582726782619117,100,0.625
1,1,12,16,0.025,0.009794753745930061,0.001617933989739656,0.01033394525818878,0.001603441284458253,100,0.8125
1,1,10,32,0.025,0.01347690501955774,0.001618099847148026,0.01420094036175646,0.001623395065696249,100,0
1,1,10.1,32,0.025,0.01275153318769389,0.001544665287944917,0.01397523249347851,0.001569877595519782,100,0.0625
1,1,10.2,32,0.025,0.01211531862072606,0.001460530454309313,0.01351138328907873,0.001512017210152231,100,0.15625
1,1,10.3,32,0.025,0.01185905217050749,0.001407981678673001,0.01308895214530074,0.0014576498521855,100,0.1875
1,1,10.4,32,0.025,0.01137516017958489,0.001372871448286061,0.01268814140347205,0.001411020189211218,100,0.21875
1,1,10.5,32,0.025,0.01127899649983712,0.001363560635748813,0.01237469993059554,0.001382301561999141,100,0.25
1,1,10.6,32,0.025,0.0110894874149674,0.001337189943959551,0.01196475830531353,0.001344769597838415,100,0.28125
1,1,10.7,32,0.025,0.01099249858744578,0.001327262017055831,0.01161004784058538,0.001311225442993033,100,0.28125
1,1,10.8,32,0.025,0.01091004133917676,0.001329525318079126,0.01134702506643175,0.001276415871390745,100,0.3125
1,1,10.9,32,0.025,0.01142191454001177,0.001674094761325921,0.01055992303325685,0.00122087452964948,100,0.375
1,1,11,32,0.025,0.0113167871438468,0.00171897734122658,0.01034673819861112,0.001193131675090623,100,0.4375
1,1,11.1,32,0.025,0.0111860706729018,0.001738098594350373,0.01023237560557814,0.00116001367269132,100,0.46875
1,1,11.2,32,0.025,0.01101148886958509,0.001726107579764037,0.01001108776748918,0.001141013654343915,100,0.46875
1,1,11.3,32,0.025,0.01105131283947343,0.001663543142404029,0.009946738368371724,0.001105304112149615,100,0.5625
1,1,11.4,32,0.025,0.01084269886304751,0.001631705221148083,0.009818262657746908,0.00110476889325371,100,0.59375
1,1,11.5,32,0.025,0.01062415950867321,0.001594530841163745,0.009664541739947982,0.00111991150612079,100,0.625
1,1,11.6,32,0.025,0.01043329766103459,0.001569855235668725,0.009509959866751896,0.00112093269142886,100,0.6875
1,1,11.7,32,0.025,0.01011254119082037,0.001506678256895157,0.009380444516409361,0.00113648841860048,100,0.6875
1,1,11.8,32,0.025,0.009778657789806352,0.001436697781065894,0.009264073744330964,0.001156592329427579,100,0.6875
1,1,11.9,32,0.025,0.009372647428869533,0.001314978054814041,0.009133415495746257,0.001170967553226806,100,0.75
1,1,12,32,0.025,0.009104901919191369,0.001274868252337588,0.009102366651228485,0.001187963631811133,100,0.84375
1,1,10,64,0.025,0.01260979083860275,0.0009998221362977125,0.01349921155335028,0.001105694531015054,100,0
1,1,10.1,64,0.025,0.01226341772111821,0.0009850334022202367,0.01306816051209498,0.00109593482536565,100,0.09375
1,1,10.2,64,0.025,0.0119095510002086,0.0009445352874655931,0.01260568222545604,0.001060266593723523,100,0.1875
1,1,10.3,64,0.025,0.01176621655257684,0.0009230686135079188,0.01229371213635081,0.001029144832749609,100,0.234375
1,1,10.4,64,0.025,0.01148541771104268,0.0009202400684070224,0.01197953077016117,0.00101856775974597,100,0.28125
1,1,10.5,64,0.025,0.01137118944877676,0.0009182809282187169,0.01166455349541621,0.0009918535113566593,100,0.34375
1,1,10.6,64,0.025,0.01114277176007777,0.0009118910474865636,0.01130816348326098,0.0009663271999672641,100,0.390625
1,1,10.7,64,0.025,0.01097252665836344,0.0009054231288085173,0.01093177601029213,0.0009380574656555461,100,0.390625
1,1,10.8,64,0.025,0.01079507488704549,0.0009011778577152435,0.01061108667446993,0.0009103882458251869,100,0.40625
1,1,10.9,64,0.025,0.01092815486417752,0.001028147061776076,0.01004678853805238,0.0008765530538711759,100,0.46875
1,1,11,64,0.025,0.01077337523964799,0.001043102071997472,0.009794977252520187,0.0008534581561405187,100,0.5625
1,1,11.1,64,0.025,0.01057679163981356,0.001047685967696005,0.009620605767878983,0.0008322913163168119,100,0.59375
1,1,11.2,64,0.025,0.01033509596189874,0.001037883037889603,0.009383343244544455,0.0008146220487756349,100,0.59375
1,1,11.3,64,0.025,0.01022897216693301,0.001005773317849458,0.00925520142973409,0.0007897026320162803,100,0.671875
1,1,11.4,64,0.025,0.009975592466564801,0.0009852044587342311,0.009058535937204147,0.0007788831782614091,100,0.6875
1,1,11.5,64,0.025,0.009476522546419279,0.0009592974850356283,0.008584798832836103,0.0008059679317603129,100,0.71875
1,1,11.6,64,0.025,0.009277636054211461,0.0009438486803471535,0.00843822695603135,0.0007990199578295828,100,0.765625
1,1,11.7,64,0.025,0.008969450203875422,0.0009093382404998035,0.008253802523328541,0.0007979130525251372,100,0.8125
1,1,11.8,64,0.025,0.008628927616353151,0.0008729055328264981,0.008050999163401259,0.0007997037201747307,100,0.828125
1,1,11.9,64,0.025,0.008247915207077029,0.0008101532593409171,0.007850571619929182,0.0007976343958937908,100,0.890625
1,1,12,64,0.025,0.007873434791342167,0.0008116157549503389,0.007830601883717406,0.0007756921433093698,100,0.96875
1.01,0.990099009901,10,4,0.025,0.01654741458822266,0.006508078017058902,0.01412915366197102,0.00467509518013337,100,0
1.01,0.990099009901,10.1,4,0.025,0.01605507558478312,0.006322878411625048,0.0138084114277954,0.004631742556265249,100,0
1.01,0.990099009901,10.2,4,0.025,0.01565287621966979,0.006158771906770208,0.01353262114653275,0.00460116992001912,100,0
1.01,0.990099009901,10.3,4,0.025,0.01530295655165496,0.006012524705196407,0.01324565997006361,0.00454130162891878,100,0
1.01,0.990099009901,10.4,4,0.025,0.01493995265522439,0.005883014393474868,0.01290826677990108,0.004411509968696092,100,0
1.01,0.990099009901,10.5,4,0.025,0.0145321672265322,0.005758538849253138,0.01257030029570364,0.004260778408287555,100,0
1.01,0.990099009901,10.6,4,0.025,0.01386918660576892,0.005561050170263237,0.01206557125297388,0.004140103345643348,100,0.25
1.01,0.990099009901,10.7,4,0.025,0.01348687832049287,0.005385615747965959,0.0119883116236092,0.004174210411298305,100,0.25
1.01,0.990099009901,10.8,4,0.025,0.01311529434437769,0.005182318165737928,0.01199170871287569,0.004239619930802766,100,0.25
1.01,0.990099009901,10.9,4,0.025,0.01275410304477532,0.004980546976903234,0.0119766656190323,0.004256348615939223,100,0.25
1.01,0.990099009901,11,4,0.025,0.01238330575264823,0.004793063353324323,0.01188944518381442,0.004206655848908726,100,0.25
1.01,0.990099009901,11.1,4,0.025,0.01200900379717312,0.004619656023664703,0.01174669711264672,0.004136064633279982,100,0.25
1.01,0.990099009901,11.2,4,0.025,0.01166030612650278,0.004453971851785448,0.0115834748679165,0.004086097874037779,100,0.25
1.01,0.990099009901,11.3,4,0.025,0.01026878915281058,0.005109397841843068,0.0110557092171078,0.004333151753969085,100,0.5
1.01,0.990099009901,11.4,4,0.025,0.01008188251789389,0.004969070993522237,0.01092263887872485,0.004277046366946762,100,0.5
1.01,0.990099009901,11.5,4,0.025,0.009951429771094335,0.004868573235816625,0.01081271278939099,0.004216402437662828,100,0.5
1.01,0.990099009901,11.6,4,0.025,0.009844432016900929,0.004766524405275787,0.01068713382053467,0.00417510979271723,100,0.5
1.01,0.990099009901,11.7,4,0.025,0.009712956014260102,0.004634067398219387,0.0105239170991202,0.004154997942777092,100,0.5
1.01,0.990099009901,11.8,4,0.025,0.009556666628888214,0.004490534119198366,0.01034363343292076,0.00413229235680521,100,0.5
1.01,0.990099009901,11.9,4,0.025,0.00942337881848734,0.004378838748475418,0.01017926011613698,0.004085676291836117,100,0.5
1.01,0.990099009901,12,4,0.025,0.009379504076366011,0.004299660919064737,0.0106405863639542,0.003888854297239892,100,0.75
1.01,0.990099009901,10,8,0.025,0.01442435647941447,0.003224490555664612,0.01371489809840971,0.002379208964125796,100,0
1.01,0.990099009901,10.1,8,0.025,0.01385733591948347,0.003151016504131357,0.01341299064358937,0.002375713028884778,100,0
1.01,0.990099009901,10.2,8,0.025,0.01334201431851614,0.003088173000298879,0.01305637002834245,0.002355064225227672,100,0.125
1.01,0.990099009901,10.3,8,0.025,0.01287216880644091,0.003029995374565877,0.01285611402521031,0.002354724174067899,100,0.125
1.01,0.990099009901,10.4,8,0.025,0.01177419178511986,0.003093398116965064,0.01231518549121105,0.002266068653641509,100,0.25
1.01,0.990099009901,10.5,8,0.025,0.01139590285961441,0.003024522907306306,0.01207174488556056,0.002210107547093076,100,0.25
1.01,0.990099009901,10.6,8,0.025,0.01092239191260969,0.002901125572365235,0.01159383779079912,0.002132680429749143,100,0.375
1.01,0.990099009901,10.7,8,0.025,0.01060027813490756,0.002805878595752478,0.01124207737291383,0.002126003047325995,100,0.375
1.01,0.990099009901,10.8,8,0.025,0.01029961130985798,0.002697259760190322,0.0110085242958432,0.002155243248479809,100,0.375
1.01,0.990099009901,10.9,8,0.025,0.01003535027631884,0.002584547162737214,0.01089132597079357,0.002169146313723498,100,0.375
1.01,0.990099009901,11,8,0.025,0.009577428976656905,0.002478851039580126,0.01088740458719035,0.002180631091779959,100,0.5
1.01,0.990099009901,11.1,8,0.025,0.009384098346839367,0.002377364995373195,0.01066873099753141,0.002150471766823365,100,0.5
1.01,0.990099009901,11.2,8,0.025,0.009234077894033249,0.002285468879813399,0.01034459119701464,0.002126063059110282,100,0.5
1.01,0.990099009901,11.3,8,0.025,0.008568493508491324,0.002489789128060691,0.009837940819633685,0.002218725045800219,100,0.625
1.01,0.990099009901,11.4,8,0.025,0.008503996056311641,0.002430765360357403,0.009602890855182948,0.002206119372370909,100,0.625
1.01,0.990099009901,11.5,8,0.025,0.008465728457887239,0.002393287614616487,0.009443756751351414,0.002193617502538298,100,0.625
1.01,0.990099009901,11.6,8,0.025,0.00843611324653756,0.002357177455337499,0.009293044015823343,0.002186853762749646,100,0.625
1.01,0.990099009901,11.7,8,0.025,0.008389308187985183,0.002309330358874849,0.009106854604182146,0.002185261595601486,100,0.625
1.01,0.990099009901,11.8,8,0.025,0.008315493894175794,0.002259608524726856,0.008896413294365054,0.002184223263067107,100,0.625
1.01,0.990099009901,11.9,8,0.025,0.008224750870611055,0.002227484874084831,0.008697419560772905,0.002177883123191571,100,0.625
1.01,0.990099009901,12,8,0.025,0.00826022690888065,0.00219129288545796,0.008912538313372831,0.002122205765450828,100,0.875
1.01,0.990099009901,10,16,0.025,0.01506085195152808,0.002699214195802885,0.01459606257836086,0.001785344401363815,100,0
1.01,0.990099009901,10.1,16,0.025,0.01398338447445535,0.002648104885541293,0.01450383558372748,0.001790979144606185,100,0.0625
1.01,0.990099009901,10.2,16,0.025,0.01368754650335994,0.002551196311215723,0.01412280139071763,0.001751356283508436,100,0.125
1.01,0.990099009901,10.3,16,0.025,0.01340499678267143,0.002448986103660346,0.0137752759257756,0.001704354307960974,100,0.125
1.01,0.990099009901,10.4,16,0.025,0.01277937475628022,0.002386551928723481,0.01322728575095483,0.001636013773834428,100,0.1875
1.01,0.990099009901,10.5,16,0.025,0.01252509683848823,0.002282443794777943,0.01284186900286005,0.001583515715824649,100,0.1875
1.01,0.990099009901,10.6,16,0.025,0.01227997411390651,0.00218188826561374,0.01237921352366092,0.001538215270384881,100,0.25
1.01,0.990099009901,10.7,16,0.025,0.01215824198962397,0.00211415256389899,0.01201536355497325,0.001518139997255526,100,0.25
1.01,0.990099009901,10.8,16,0.025,0.01203792368919646,0.002060549330912789,0.01172846997200301,0.00151198427931201,100,0.25
1.01,0.990099009901,10.9,16,0.025,0.01188605842103647,0.00200835532201739,0.01151337350533681,0.001508687959252191,100,0.25
1.01,0.990099009901,11,16,0.025,0.01158632428414026,0.001962093369974408,0.01138180655516099,0.001515138763318602,100,0.3125
1.01,0.990099009901,11.1,16,0.025,0.01138088712294716,0.001912701593864835,0.01141907691031832,0.00147809415154386,100,0.375
1.01,0.990099009901,11.2,16,0.025,0.01120832095399854,0.001872761741621419,0.01118211284896132,0.001488718647074522,100,0.375
1.01,0.990099009901,11.3,16,0.025,0.0107885731207678,0.001948309880726243,0.0108679755783632,0.001544349679924396,100,0.4375
1.01,0.990099009901,11.4,16,0.025,0.01063517762426052,0.001921253720369201,0.01069925234947929,0.001564027576007158,100,0.5
1.01,0.990099009901,11.5,16,0.025,0.01055752501478484,0.001882441987680344,0.01052161070972994,0.001593236409097348,100,0.5625
1.01,0.990099009901,11.6,16,0.025,0.01039500684359606,0.001849973927553642,0.01018723134607166,0.00155376720307978,100,0.625
1.01,0.990099009901,11.7,16,0.025,0.01021690135416978,0.001813204184390607,0.01002399334667669,0.001563730300225961,100,0.625
1.01,0.990099009901,11.8,16,0.025,0.01003500903818932,0.001783700037814456,0.009893739904216138,0.001580966427890205,100,0.625
1.01,0.990099009901,11.9,16,0.025,0.009870202825659473,0.001774852991826489,0.009810955533644845,0.001610823008166501,100,0.625
1.01,0.990099009901,12,16,0.025,0.00976289838966456,0.001780701470310742,0.00997793666649156,0.001620940305561328,100,0.8125
1.01,0.990099009901,10,32,0.025,0.01431475610606009,0.001922067902139279,0.01312678438430691,0.001390152622740992,100,0
1.01,0.990099009901,10.1,32,0.025,0.0135188251770891,0.001834629258803905,0.01300514897968141,0.001392022961194547,100,0.0625
1.01,0.990099009901,10.2,32,0.025,0.01281518566084588,0.0017281229933763,0.01269566466059063,0.001381355943362692,100,0.15625
1.01,0.990099009901,10.3,32,0.025,0.01253672769464471,0.001657123831244811,0.01237426250005242,0.001358594445470119,100,0.1875
1.01,0.990099009901,10.4,32,0.025,0.01207406353576428,0.001607172731797278,0.01195421220584382,0.001324420765251736,100,0.21875
1.01,0.990099009901,10.5,32,0.025,0.01192566224936654,0.001569282586574937,0.01170072112793347,0.001308941790107329,100,0.25
1.01,0.990099009901,10.6,32,0.025,0.01167843429246095,0.001521823748492396,0.01137197566205191,0.001284614400059267,100,0.28125
1.01,0.990099009901,10.7,32,0.025,0.01153530394257343,0.0014932218139984,0.01109750026130239,0.001265156065835335,100,0.28125
1.01,0.990099009901,10.8,32,0.025,0.01140833100911929,0.001476003712174643,0.01088778130239507,0.001243382394380979,100,0.3125
1.01,0.990099009901,10.9,32,0.025,0.01187943992097238,0.001803514456801068,0.01016019687626174,0.001200544940533889,100,0.375
1.01,0.990099009901,11,32,0.025,0.01171319679228547,0.001840715124921585,0.009990911459451201,0.001176950069011599,100,0.4375
1.01,0.990099009901,11.1,32,0.025,0.01155236555474455,0.001847498804784584,0.009907768816255739,0.001144772413116098,100,0.46875
1.01,0.990099009901,11.2,32,0.025,0.011346438106401,0.001824113385355552,0.009705759407533616,0.00112547820840391,100,0.46875
1.01,0.990099009901,11.3,32,0.025,0.01114194925987203,0.001787051676833882,0.009579937224835879,0.0011043425255763,100,0.5625
1.01,0.990099009901,11.4,32,0.025,0.01090406788246769,0.001745653387905193,0.009457194073654002,0.00110271714011139,100,0.59375
1.01,0.990099009901,11.5,32,0.025,0.01069000915378391,0.001698437053858487,0.009335871372108962,0.001112622260811364,100,0.625
1.01,0.990099009901,11.6,32,0.025,0.01047872138373532,0.001663227080438326,0.009180842841222695,0.001116719979386293,100,0.6875
1.01,0.990099009901,11.7,32,0.025,0.01014862460350581,0.001592753563485799,0.009045645134657455,0.001128886140940467,100,0.6875
1.01,0.990099009901,11.8,32,0.025,0.00979874428073696,0.001513114416957426,0.00891798653108895,0.001145318495855137,100,0.6875
1.01,0.990099009901,11.9,32,0.025,0.009527298179653728,0.001473744902838063,0.008806827623413014,0.001166261467132443,100,0.75
1.01,0.990099009901,12,32,0.025,0.009224056608290622,0.001405297267715353,0.00882057174704399,0.001177922391066911,100,0.84375
1.01,0.990099009901,10,64,0.025,0.01337671615093734,0.001126631281258934,0.01296580358089888,0.001000026617937306,100,0
1.01,0.990099009901,10.1,64,0.025,0.01281173047472045,0.001075534227369442,0.01251407137610016,0.001004466178051876,100,0.09375
1.01,0.990099009901,10.2,64,0.025,0.01240954392702747,0.001026774950393088,0.01215225277077138,0.0009890708186131244,100,0.1875
1.01,0.990099009901,10.3,64,0.025,0.01219463147886812,0.0009953940578087629,0.01187680929499974,0.0009687287915191819,100,0.234375
1.01,0.990099009901,10.4,64,0.025,0.01191111644451647,0.0009890360810851401,0.01160410515227709,0.000972200736618894,100,0.28125
1.01,0.990099009901,10.5,64,0.025,0.01176402724692764,0.0009754208707314615,0.01134096644633072,0.0009538214865262621,100,0.34375
1.01,0.990099009901,10.6,64,0.025,0.01150546164973725,0.000965991338327854,0.01099492417375653,0.0009337261388495878,100,0.390625
1.01,0.990099009901,10.7,64,0.025,0.01131192541983821,0.0009568261279396313,0.01067753532057522,0.000914650946622066,100,0.390625
1.01,0.990099009901,10.8,64,0.025,0.01111978519279062,0.0009507493994595326,0.01041094958746835,0.0008961817527892614,100,0.40625
1.01,0.990099009901,10.9,64,0.025,0.01134596305288058,0.001075605090015887,0.00993375734287579,0.0008704358591169776,100,0.46875
1.01,0.990099009901,11,64,0.025,0.01114940051910288,0.00109072813272363,0.009722883747609417,0.0008528758009627807,100,0.5625
1.01,0.990099009901,11.1,64,0.025,0.01093301730901952,0.00109205553264897,0.00956079503372308,0.0008339559784036548,100,0.59375
1.01,0.990099009901,11.2,64,0.025,0.01067426841162545,0.001079317456005354,0.00933026889397481,0.0008179343118091064,100,0.59375
1.01,0.990099009901,11.3,64,0.025,0.01044652227702876,0.001058203556223606,0.009168611324901477,0.0007996958106991873,100,0.671875
1.01,0.990099009901,11.4,64,0.025,0.01017974918403054,0.001035559765921507,0.008978200824199116,0.0007907115719555303,100,0.6875
1.01,0.990099009901,11.5,64,0.025,0.009894926347430846,0.001005173078707196,0.008747605321353154,0.0007783653470228923,100,0.71875
1.01,0.990099009901,11.6,64,0.025,0.009618662769054135,0.0009858987532859033,0.008534779591298388,0.0007733579579835831,100,0.765625
1.01,0.990099009901,11.7,64,0.025,0.009283251118511466,0.0009489576036515048,0.008342286627182326,0.0007695812645363266,100,0.8125
1.01,0.990099009901,11.8,64,0.025,0.008944789585853983,0.0009060948594246133,0.008154954752193506,0.0007668691321998467,100,0.828125
1.01,0.990099009901,11.9,64,0.025,0.008611315486763499,0.0008769089500177451,0.007968925898449468,0.0007718208689878543,100,0.890625
1.01,0.990099009901,12,64,0.025,0.008480006915118828,0.0008758665467258576,0.007756692050675812,0.0007652791676623161,100,0.96875
1.02,0.980392156863,10,4,0.025,0.0226769602199924,0.005656374387511926,0.01583750685808757,0.002909467815228949,100,0
1.02,0.980392156863,10.1,4,0.025,0.02184862402797543,0.005433722208523896,0.01570800514086878,0.002995388019154526,100,0
1.02,0.980392156863,10.2,4,0.025,0.0211031936795367,0.005234905625518984,0.01553044302604814,0.003116944311108551,100,0
1.02,0.980392156863,10.3,4,0.025,0.02042045072973079,0.005066027400852455,0.01530006852903118,0.003184787341140484,100,0
1.02,0.980392156863,10.4,4,0.025,0.0197608227978284,0.004917134576683706,0.01502150744484015,0.003121772917430235,100,0
1.02,0.980392156863,10.5,4,0.025,0.01908388853234316,0.00475949954985871,0.01475244977226307,0.002998327849570433,100,0
1.02,0.980392156863,10.6,4,0.025,0.01815850201612001,0.004573334211340029,0.01433805377503251,0.002986459738057941,100,0.25
1.02,0.980392156863,10.7,4,0.025,0.01747919595872801,0.004363511638318741,0.01422390416093937,0.003123559276438515,100,0.25
1.02,0.980392156863,10.8,4,0.025,0.01684740175291838,0.00412757358979392,0.0141373904831527,0.003301947913833989,100,0.25
1.02,0.980392156863,10.9,4,0.025,0.01630063728690775,0.003879673380280939,0.01404555426485129,0.003374620381659147,100,0.25
1.02,0.980392156863,11,4,0.025,0.01579630403713175,0.003638904540343294,0.01392539770556563,0.003303464043071172,100,0.25
1.02,0.980392156863,11.1,4,0.025,0.01528258276848084,0.003429739724936297,0.01376529361983186,0.003178392463000076,100,0.25
1.02,0.980392156863,11.2,4,0.025,0.01476846347506605,0.003256534547648487,0.01356116632829796,0.003099152995558133,100,0.25
1.02,0.980392156863,11.3,4,0.025,0.01310024036844734,0.003979639728585231,0.01349420424450028,0.00295666824590961,100,0.5
1.02,0.980392156863,11.4,4,0.025,0.01287273630039877,0.003796946578878037,0.01331160103114729,0.002913685948327592,100,0.5
1.02,0.980392156863,11.5,4,0.025,0.01270075836947437,0.003687291284522878,0.01317231347035834,0.002857387784383767,100,0.5
1.02,0.980392156863,11.6,4,0.025,0.01250481769848156,0.003620847873099214,0.0130514349486277,0.002791007967134874,100,0.5
1.02,0.980392156863,11.7,4,0.025,0.01223281000636489,0.003547147726154405,0.0129094129104958,0.002737287290029373,100,0.5
1.02,0.980392156863,11.8,4,0.025,0.01192555129799867,0.003463978211046018,0.01273523629482541,0.002713532877463599,100,0.5
1.02,0.980392156863,11.9,4,0.025,0.01167717764250546,0.00340456378136095,0.01254500869150442,0.002712258935417087,100,0.5
1.02,0.980392156863,12,4,0.025,0.01192644522562013,0.003320510357127526,0.01308142652026933,0.002712870582534235,100,0.75
1.02,0.980392156863,10,8,0.025,0.01751365912948599,0.003382898618319891,0.01455107869448534,0.001783129098049234,100,0
1.02,0.980392156863,10.1,8,0.025,0.01677194055810585,0.003282115106820947,0.01436491990786828,0.001830388248198412,100,0
1.02,0.980392156863,10.2,8,0.025,0.01598345456033492,0.003214317122669655,0.01409060102581856,0.001868936131237032,100,0.125
1.02,0.980392156863,10.3,8,0.025,0.01533384539020968,0.003138427152289665,0.01395513789625501,0.001923920989566206,100,0.125
1.02,0.980392156863,10.4,8,0.025,0.01416335109256198,0.003228427570521886,0.01336813461082592,0.001852873020778385,100,0.25
1.02,0.980392156863,10.5,8,0.025,0.01364052753836053,0.003122394620003034,0.01318293289808326,0.0018141883407678,100,0.25
1.02,0.980392156863,10.6,8,0.025,0.01302933702721992,0.002966026268087419,0.01273747452824701,0.001778773661075664,100,0.375
1.02,0.980392156863,10.7,8,0.025,0.01255823331132257,0.002828152762222248,0.012338253401092,0.001826949003759729,100,0.375
1.02,0.980392156863,10.8,8,0.025,0.01213744864159433,0.002680383152819021,0.01204711268109549,0.001909351798117199,100,0.375
1.02,0.980392156863,10.9,8,0.025,0.01179335851806857,0.00253088622754805,0.01189665299399562,0.001947530388382287,100,0.375
1.02,0.980392156863,11,8,0.025,0.01126751916452113,0.002418347123882145,0.01187646823358624,0.001953457866029146,100,0.5
1.02,0.980392156863,11.1,8,0.025,0.01101005854934766,0.002285161975708594,0.01164865379817224,0.001917235255439153,100,0.5
1.02,0.980392156863,11.2,8,0.025,0.01078663954884335,0.002163769864951392,0.01129845339549279,0.001894359158295267,100,0.5
1.02,0.980392156863,11.3,8,0.025,0.01000284385821302,0.002230655560615415,0.01101955332945168,0.001870797761038604,100,0.625
1.02,0.980392156863,11.4,8,0.025,0.009944652927205052,0.002144123920966858,0.01076090108238016,0.001872399589623147,100,0.625
1.02,0.980392156863,11.5,8,0.025,0.009904891203614968,0.002094484935726092,0.01059058348393563,0.001871912325983165,100,0.625
1.02,0.980392156863,11.6,8,0.025,0.009833077300772495,0.00206405724144367,0.01044756323474676,0.001868283699930527,100,0.625
1.02,0.980392156863,11.7,8,0.025,0.009703432638390679,0.002029782353394611,0.01027782123860413,0.001864817257777487,100,0.625
1.02,0.980392156863,11.8,8,0.025,0.009537748978089275,0.001994626087234637,0.01007697873744941,0.001869353969539386,100,0.625
1.02,0.980392156863,11.9,8,0.025,0.009381634606703661,0.001977356697340174,0.009871490867771031,0.001882535753441096,100,0.625
1.02,0.980392156863,12,8,0.025,0.009543300071198055,0.001968299211253116,0.01012683949199897,0.001939173636645768,100,0.875
1.02,0.980392156863,10,16,0.025,0.01732084897664973,0.003135989824343981,0.01462365083350091,0.001486775328366232,100,0
1.02,0.980392156863,10.1,16,0.025,0.01613733807682837,0.00307551601899388,0.01462127636109777,0.001518632585556933,100,0.0625
1.02,0.980392156863,10.2,16,0.025,0.01568430123266144,0.002957408223771081,0.01427235125385963,0.00149790580483499,100,0.125
1.02,0.980392156863,10.3,16,0.025,0.01528072740702217,0.002827787310964478,0.01395460524884881,0.001467525885607855,100,0.125
1.02,0.980392156863,10.4,16,0.025,0.01458720670523327,0.00273446620451844,0.01339122347110553,0.001399178385904022,100,0.1875
1.02,0.980392156863,10.5,16,0.025,0.01423030931609926,0.002587687933227512,0.01305264518952948,0.001355310855744006,100,0.1875
1.02,0.980392156863,10.6,16,0.025,0.01388225782233688,0.002445434901171993,0.01263049313980347,0.001328234081833918,100,0.25
1.02,0.980392156863,10.7,16,0.025,0.01364324908609312,0.00233558185842466,0.01227023667660581,0.001336900309427756,100,0.25
1.02,0.980392156863,10.8,16,0.025,0.01341601417364423,0.002243041669180032,0.01198405395578829,0.001361629889449498,100,0.25
1.02,0.980392156863,10.9,16,0.025,0.0131774152937922,0.002153186686230001,0.01178356872242447,0.001380205985849127,100,0.25
1.02,0.980392156863,11,16,0.025,0.01279429473209967,0.002075228726673928,0.01167462115431137,0.001399766061556672,100,0.3125
1.02,0.980392156863,11.1,16,0.025,0.01250971898489279,0.001990684016831762,0.01174965543769478,0.001361129817312641,100,0.375
1.02,0.980392156863,11.2,16,0.025,0.01225331100549673,0.001924155764311462,0.01152101777600105,0.001380612663177359,100,0.375
1.02,0.980392156863,11.3,16,0.025,0.01174163713684443,0.001942693856775874,0.0113351584163388,0.00139942659122543,100,0.4375
1.02,0.980392156863,11.4,16,0.025,0.01157771772576301,0.001905859005099181,0.01116734617551781,0.001428851051822143,100,0.5
1.02,0.980392156863,11.5,16,0.025,0.01148147192719215,0.001860203226847752,0.01101171784149896,0.001461508622163943,100,0.5625
1.02,0.980392156863,11.6,16,0.025,0.0113039225610804,0.001838588453069802,0.01064808857420411,0.001427481182988884,100,0.625
1.02,0.980392156863,11.7,16,0.025,0.0110671150496785,0.001806346440848207,0.01049805336702179,0.00143370564100009,100,0.625
1.02,0.980392156863,11.8,16,0.025,0.01082345673837418,0.001782123552782888,0.01037741366246499,0.001448419481510559,100,0.625
1.02,0.980392156863,11.9,16,0.025,0.01061908196717993,0.0017808347612329,0.01030147321926248,0.001484034302258505,100,0.625
1.02,0.980392156863,12,16,0.025,0.01057104441733681,0.001800627356663879,0.01050571928212908,0.00153834413608471,100,0.8125
1.02,0.980392156863,10,32,0.025,0.01535952940225366,0.00224136569638138,0.01260032734214988,0.001278375880998409,100,0
1.02,0.980392156863,10.1,32,0.025,0.01449843311481154,0.002128471523935654,0.01257998018640838,0.001301618776317324,100,0.0625
1.02,0.980392156863,10.2,32,0.025,0.01366921862830592,0.001997645691205612,0.01230867086848464,0.001308238563415872,100,0.15625
1.02,0.980392156863,10.3,32,0.025,0.01331375701987206,0.001903358397553098,0.01203701767319261,0.001296320707116007,100,0.1875
1.02,0.980392156863,10.4,32,0.025,0.01279887104358732,0.001826519986260099,0.01162737117415403,0.001262491634480985,100,0.21875
1.02,0.980392156863,10.5,32,0.025,0.0125788212746953,0.001755269902220704,0.01140857355337508,0.001250883764112775,100,0.25
1.02,0.980392156863,10.6,32,0.025,0.0122695228393672,0.001681586001482035,0.01110799859447767,0.001229340287246547,100,0.28125
1.02,0.980392156863,10.7,32,0.025,0.01206203428856749,0.001630356132216471,0.01084038499219059,0.001212562326124679,100,0.28125
1.02,0.980392156863,10.8,32,0.025,0.01187673718394979,0.001593542869837247,0.01063202664528683,0.001193027934758708,100,0.3125
1.02,0.980392156863,10.9,32,0.025,0.01224952688906002,0.001878743356335001,0.00993119048975011,0.001157189743062337,100,0.375
1.02,0.980392156863,11,32,0.025,0.01206589796440061,0.001890947079716969,0.009780964596914464,0.001131941280074499,100,0.4375
1.02,0.980392156863,11.1,32,0.025,0.01186431732891014,0.001878616556897623,0.009726562096062923,0.001100749229153096,100,0.46875
1.02,0.980392156863,11.2,32,0.025,0.01161876154160855,0.001844183110923806,0.009545781862996443,0.001083228050526579,100,0.46875
1.02,0.980392156863,11.3,32,0.025,0.01139953270405341,0.001785733751516843,0.009515613036738006,0.001047645356398512,100,0.5625
1.02,0.980392156863,11.4,32,0.025,0.01115943152989913,0.001743061682338435,0.009410757019976868,0.001048056393807231,100,0.59375
1.02,0.980392156863,11.5,32,0.025,0.01093624017988187,0.001693585442511145,0.009321477696270224,0.001059220373728218,100,0.625
1.02,0.980392156863,11.6,32,0.025,0.0107051234520483,0.001657381851659778,0.009189016383262631,0.001071339324266912,100,0.6875
1.02,0.980392156863,11.7,32,0.025,0.01034299467459542,0.001587006356486615,0.009079220416961813,0.00108440783576787,100,0.6875
1.02,0.980392156863,11.8,32,0.025,0.009960955693285683,0.001509605551438651,0.008965547070386756,0.001101108732665463,100,0.6875
1.02,0.980392156863,11.9,32,0.025,0.009684113730776649,0.001482362230028931,0.008859873148810768,0.001123736612011441,100,0.75
1.02,0.980392156863,12,32,0.025,0.009406940578266311,0.001420756328714277,0.008892143711424305,0.001152021874260693,100,0.84375
1.02,0.980392156863,10,64,0.025,0.01410372304556589,0.001280169655481081,0.0127638433490271,0.0009417109189167805,100,0
1.02,0.980392156863,10.1,64,0.025,0.01352008908023653,0.00121507002008091,0.01236065336609367,0.000945474622878412,100,0.09375
1.02,0.980392156863,10.2,64,0.025,0.01306873760928198,0.001149528201666953,0.01202073924877772,0.0009335690890194622,100,0.1875
1.02,0.980392156863,10.3,64,0.025,0.01279583941393755,0.001105393367991035,0.01176168738285737,0.0009175578972902594,100,0.234375
1.02,0.980392156863,10.4,64,0.025,0.012481044944401,0.001082608399475192,0.01149383022610134,0.0009251650776132513,100,0.28125
1.02,0.980392156863,10.5,64,0.025,0.01229186571791171,0.001052934269957993,0.01125592727321977,0.0009086619005851776,100,0.34375
1.02,0.980392156863,10.6,64,0.025,0.0119936226995286,0.001032471765147371,0.01092372678239426,0.00088809804752577,100,0.390625
1.02,0.980392156863,10.7,64,0.025,0.01175738341959003,0.001013968609967806,0.01061016771088667,0.0008683597973273722,100,0.390625
1.02,0.980392156863,10.8,64,0.025,0.01152593633568633,0.001000772464475574,0.01034218471651038,0.0008505263948514888,100,0.40625
1.02,0.980392156863,10.9,64,0.025,0.01170194903135293,0.001111920046241567,0.009870667194679061,0.0008295792245530116,100,0.46875
1.02,0.980392156863,11,64,0.025,0.01149075912443243,0.001118942910836916,0.009661533677817384,0.0008124832067022041,100,0.5625
1.02,0.980392156863,11.1,64,0.025,0.01125428641757654,0.001114972277126033,0.009494768750090046,0.0007952659606634283,100,0.59375
1.02,0.980392156863,11.2,64,0.025,0.01096879934392886,0.001099863761320249,0.009262846159174713,0.0007811000315097374,100,0.59375
1.02,0.980392156863,11.3,64,0.025,0.01072317180663908,0.001072448851256722,0.009134312124209187,0.0007594479485315016,100,0.671875
1.02,0.980392156863,11.4,64,0.025,0.01045746805951525,0.001051256169967434,0.008946168378040076,0.0007528891875781615,100,0.6875
1.02,0.980392156863,11.5,64,0.025,0.01017123154888571,0.001021409630037425,0.008717550676764114,0.0007413854975113906,100,0.71875
1.02,0.980392156863,11.6,64,0.025,0.009888909899695181,0.001001968630168123,0.008510384428501546,0.0007405988484128707,100,0.765625
1.02,0.980392156863,11.7,64,0.025,0.009553517026787212,0.0009616925702490073,0.008335328698770869,0.0007377927332746259,100,0.8125
1.02,0.980392156863,11.8,64,0.025,0.009179591234759579,0.0009197527017785679,0.008145635936231681,0.0007381882470407341,100,0.828125
1.02,0.980392156863,11.9,64,0.025,0.008830389658113972,0.0008960528687091542,0.00798703205323296,0.0007501234063729744,100,0.890625
1.02,0.980392156863,12,64,0.025,0.008725632975502471,0.0008978223368364501,0.007771448662583299,0.0007502886050242603,100,0.96875
