tD,tR_over_tD,time,samples,odd_mean,odd_stderr,even_mean,even_stderr,max_bond_dimension,mean_cumulative_jumps
0.98,1.02040816327,0,4,0.02163772651773256,0,0.06025784985001684,0,100,0
0.98,1.02040816327,0.05,4,0.0216120334010848,0,0.0601875304507363,0,100,0
0.98,1.02040816327,0.1,4,0.02158675500887344,0,0.06011737333690794,0,100,0
0.98,1.02040816327,0.15,4,0.02156176991807211,0,0.06004758706328798,0,100,0
0.98,1.02040816327,0.2,4,0.02153691392081701,0,0.05997813890376512,0,100,0
0.98,1.02040816327,0.25,4,0.02151211137437456,0,0.05990911774334449,0,100,0
0.98,1.02040816327,0.3,4,0.02148653438852884,0,0.05983972551590884,0,100,0
0.98,1.02040816327,0.35,4,0.0214602851505662,0,0.05977086401168837,0,100,0
0.98,1.02040816327,0.4,4,0.02023845375298165,0.001191219645829594,0.06073041568140773,0.001032853806092374,100,0.25
0.98,1.02040816327,0.45,4,0.02022730496011249,0.00116674926562535,0.06064738495571307,0.001029615292278942,100,0.25
0.98,1.02040816327,0.5,4,0.02018997247335892,0.001154755371144002,0.06053227184507679,0.001025045843463308,100,0.25
0.98,1.02040816327,0,8,0.02163772651773255,1.311327688828617e-18,0.06025784985001682,5.24531075531447e-18,100,0
0.98,1.02040816327,0.05,8,0.0216120334010848,1.311327688828617e-18,0.06018753045073631,5.24531075531447e-18,100,0
0.98,1.02040816327,0.1,8,0.02158675500887344,0,0.06011737333690793,2.622655377657235e-18,100,0
0.98,1.02040816327,0.15,8,0.02156176991807211,0,0.06004758706328799,2.622655377657235e-18,100,0
0.98,1.02040816327,0.2,8,0.02153691392081702,1.311327688828617e-18,0.05997813890376513,2.622655377657235e-18,100,0
0.98,1.02040816327,0.25,8,0.02151211137437456,0,0.0599091177433445,2.622655377657235e-18,100,0
0.98,1.02040816327,0.3,8,0.02148653438852885,1.311327688828617e-18,0.05983972551590883,2.622655377657235e-18,100,0
0.98,1.02040816327,0.35,8,0.0214602851505662,1.311327688828617e-18,0.05977086401168836,2.622655377657235e-18,100,0
0.98,1.02040816327,0.4,8,0.02083406357589645,0.0005956098229147972,0.06021398877836155,0.0005164269030461868,100,0.125
0.98,1.02040816327,0.45,8,0.02081067959292517,0.0005833746328126747,0.0601325773095736,0.0005148076461394708,100,0.125
0.98,1.02040816327,0.5,8,0.02076735015893092,0.0005773776855720012,0.06001974892334515,0.0005125229217316542,100,0.125
0.98,1.02040816327,0,16,0.02163772651773255,1.791614702062191e-18,0.06025784985001682,5.374844106186573e-18,100,0
0.98,1.02040816327,0.05,16,0.0216120334010848,8.958073510310954e-19,0.06018753045073632,5.374844106186573e-18,100,0
0.98,1.02040816327,0.1,16,0.0215490566627102,3.769834616323356e-05,0.06044583158016673,0.0003284582432587983,100,0.0625
0.98,1.02040816327,0.15,16,0.02152404287045152,3.772704762059495e-05,0.06040776358945726,0.0003601765261692938,100,0.0625
0.98,1.02040816327,0.2,16,0.021498775086945,3.813883387201643e-05,0.06035469360811362,0.0003765547043484982,100,0.0625
0.98,1.02040816327,0.25,16,0.0214732182316824,3.889314269216031e-05,0.06028541394085962,0.0003762961975151135,100,0.0625
0.98,1.02040816327,0.3,16,0.02144681579419459,3.971859433424653e-05,0.0601980978491027,0.0003583723331938485,100,0.0625
0.98,1.02040816327,0.35,16,0.02141951264764382,4.07725029223753e-05,0.06009284326884974,0.0003219792571613651,100,0.0625
0.98,1.02040816327,0.4,16,0.02108965381711627,0.0002979825702740158,0.06022245717862752,0.0003586250843149468,100,0.125
0.98,1.02040816327,0.45,16,0.02105689050646904,0.0002922001741641126,0.06006690979252216,0.0003105463756313087,100,0.125
0.98,1.02040816327,0.5,16,0.02100271707552838,0.0002900551954474257,0.05985919537789382,0.0002675065881469151,100,0.125
0.98,1.02040816327,0,32,0.02163772651773255,6.231310676715024e-19,0.06025784985001682,2.49252427068601e-18,100,0
0.98,1.02040816327,0.05,32,0.02161203340108479,1.869393203014507e-18,0.06018753045073626,6.231310676715024e-18,100,0
0.98,1.02040816327,0.1,32,0.02156790583579182,1.884917308161679e-05,0.06028160245853738,0.0001642291216293992,100,0.03125
0.98,1.02040816327,0.15,32,0.02154290639426182,1.886352381029748e-05,0.06022767532637261,0.0001800882630846469,100,0.03125
0.98,1.02040816327,0.2,32,0.02151784450388101,1.906941693600822e-05,0.06016641625593933,0.000188277352174249,100,0.03125
0.98,1.02040816327,0.25,32,0.02149277989661775,0.000217414684303633,0.06006602541874057,0.0002827486708999466,100,0.09375
0.98,1.02040816327,0.3,32,0.0214689061985746,0.0002150702108836112,0.05998809724479018,0.0002765122342854048,100,0.09375
0.98,1.02040816327,0.35,32,0.02144297058319233,0.0002143993672602451,0.05990152494865089,0.000265013850263842,100,0.09375
0.98,1.02040816327,0.4,32,0.02108471763613598,0.000312964000411559,0.06009852684386117,0.0003221864178937917,100,0.15625
0.98,1.02040816327,0.45,32,0.02104725473027403,0.0003139363644224337,0.05998079427688669,0.0003093911898597653,100,0.15625
0.98,1.02040816327,0.5,32,0.02092579743773074,0.0003206523461125347,0.05991811775320879,0.000310804892564066,100,0.1875
0.98,1.02040816327,0,64,0.02163772651773255,4.371092296095392e-19,0.06025784985001688,5.24531075531447e-18,100,0
0.98,1.02040816327,0.05,64,0.02154707293176889,5.613029836770136e-05,0.06035474307632888,0.0001173115743832495,100,0.03125
0.98,1.02040816327,0.1,64,0.02197587194058447,0.0004983276070557099,0.06016843023369045,0.0002538687370806346,100,0.09375
0.98,1.02040816327,0.15,64,0.02195171110565108,0.0004977681975346725,0.06011519407447045,0.0002560522554290335,100,0.09375
0.98,1.02040816327,0.2,64,0.02192747801798969,0.0004981959354603771,0.06005296229476067,0.0002562703909701417,100,0.09375
0.98,1.02040816327,0.25,64,0.02243348437971783,0.0006963477600487381,0.05988506042255183,0.0003351187192232045,100,0.15625
0.98,1.02040816327,0.3,64,0.02240696960603503,0.0006963838403843131,0.05980391934911794,0.0003328014340508272,100,0.15625
0.98,1.02040816327,0.35,64,0.02236722634204169,0.0006967791381957485,0.0598079459295791,0.0003418348046422492,100,0.171875
0.98,1.02040816327,0.4,64,0.02220210661986386,0.0007192062110538106,0.0600523802238199,0.0004524834632109034,100,0.25
0.98,1.02040816327,0.45,64,0.02215145791250522,0.0007153694474616732,0.05994584952276771,0.0004540980149584165,100,0.25
0.98,1.02040816327,0.5,64,0.0216328093022713,0.0007813815450075252,0.05952209753987873,0.0003798652659376486,100,0.28125
0.99,1.0101010101,0,4,0.02948833845319166,0,0.04996164346306375,0,100,0
0.99,1.0101010101,0.05,4,0.02945329134224947,0,0.04990268914249246,0,100,0
0.99,1.0101010101,0.1,4,0.02941912142064316,0,0.04984455108316378,0,100,0
0.99,1.0101010101,0.15,4,0.02938526398311966,0,0.04978659906421937,0,100,0
0.99,1.0101010101,0.2,4,0.02935174874488268,0,0.04972880050953249,0,100,0
0.99,1.0101010101,0.25,4,0.02931834796008169,0,0.04967099706261135,0,100,0
0.99,1.0101010101,0.3,4,0.02928453297074141,0,0.04961285220706592,0,100,0
0.99,1.0101010101,0.35,4,0.02924936369519888,0,0.04955335378700799,0,100,0
0.99,1.0101010101,0.4,4,0.02772516764990306,0.001486015392211125,0.05059527954365289,0.001105777030651008,100,0.25
0.99,1.0101010101,0.45,4,0.02771620212054482,0.001450831481520092,0.05051744342388552,0.001104106286567239,100,0.25
0.99,1.0101010101,0.5,4,0.02767532618820153,0.001436712700916154,0.05040670734651399,0.001102803842628688,100,0.25
0.99,1.0101010101,0,8,0.02948833845319166,0,0.04996164346306375,0,100,0
0.99,1.0101010101,0.05,8,0.02945329134224947,0,0.04990268914249246,0,100,0
0.99,1.0101010101,0.1,8,0.02941912142064316,1.311327688828617e-18,0.04984455108316378,2.622655377657235e-18,100,0
0.99,1.0101010101,0.15,8,0.02938526398311966,1.311327688828617e-18,0.04978659906421937,0,100,0
0.99,1.0101010101,0.2,8,0.02935174874488267,2.622655377657235e-18,0.04972880050953249,0,100,0
0.99,1.0101010101,0.25,8,0.0293183479600817,1.311327688828617e-18,0.04967099706261135,0,100,0
0.99,1.0101010101,0.3,8,0.02928453297074141,0,0.04961285220706591,2.622655377657235e-18,100,0
0.99,1.0101010101,0.35,8,0.02924936369519888,1.311327688828617e-18,0.04955335378700799,2.622655377657235e-18,100,0
0.99,1.0101010101,0.4,8,0.02846817534600862,0.0007430076961055624,0.05004239102832739,0.0005528885153255039,100,0.125
0.99,1.0101010101,0.45,8,0.02844161786130486,0.0007254157407600457,0.04996539028060189,0.0005520531432836194,100,0.125
0.99,1.0101010101,0.5,8,0.02839368253865961,0.0007183563504580768,0.04985530542519965,0.0005514019213143443,100,0.125
0.99,1.0101010101,0,16,0.02948833845319166,0,0.04996164346306375,0,100,0
0.99,1.0101010101,0.05,16,0.02945329134224949,3.583229404124381e-18,0.04990268914249248,3.583229404124381e-18,100,0
0.99,1.0101010101,0.1,16,0.02938487868569627,3.42427349468979e-05,0.05014385819646987,0.0002993071133061049,100,0.0625
0.99,1.0101010101,0.15,16,0.02935109223809941,3.417174502023598e-05,0.05011264598020367,0.0003260469159843101,100,0.0625
0.99,1.0101010101,0.2,16,0.02931706401995,3.468472493266891e-05,0.05006897086874261,0.0003401703592101302,100,0.0625
0.99,1.0101010101,0.25,16,0.02928269961463692,3.564834544477684e-05,0.05001150786215137,0.0003405107995400249,100,0.0625
0.99,1.0101010101,0.3,16,0.02924763668836176,3.68962823796544e-05,0.04993903919066296,0.0003261869835970545,100,0.0625
0.99,1.0101010101,0.35,16,0.02921097130946681,3.839238573207188e-05,0.04984997655993037,0.0002966227729223869,100,0.0625
0.99,1.0101010101,0.4,16,0.02879911358639917,0.0003710138906613615,0.05001719049305081,0.0003609490052479845,100,0.125
0.99,1.0101010101,0.45,16,0.02875990445878359,0.0003624665354888682,0.04987873577231731,0.000324164902136866,100,0.125
0.99,1.0101010101,0.5,16,0.02870030106280409,0.0003595196441652319,0.04968922813379585,0.0002898250997492622,100,0.125
0.99,1.0101010101,0,32,0.02948833845319166,0,0.04996164346306371,7.477572812058028e-18,100,0
0.99,1.0101010101,0.05,32,0.02945329134224949,2.49252427068601e-18,0.04990268914249248,3.738786406029014e-18,100,0
0.99,1.0101010101,0.1,32,0.02940200005316972,1.712136747344896e-05,0.04999420463981683,0.0001496535566530525,100,0.03125
0.99,1.0101010101,0.15,32,0.02936817811060955,1.708587251011799e-05,0.04994962252221155,0.0001630234579921551,100,0.03125
0.99,1.0101010101,0.2,32,0.02933440638241634,1.734236246633444e-05,0.04989888568913753,0.0001700851796050651,100,0.03125
0.99,1.0101010101,0.25,32,0.02869346356113248,0.0007996327923549057,0.04943433267111692,0.000341601748063538,100,0.09375
0.99,1.0101010101,0.3,32,0.02865270670544316,0.0008050597948801994,0.04937707521393294,0.0003321335797139298,100,0.09375
0.99,1.0101010101,0.35,32,0.02863568069424603,0.0007864821938994844,0.04930530498633016,0.0003227518584514679,100,0.09375
0.99,1.0101010101,0.4,32,0.02822287297959722,0.0007995022069200817,0.04953407577498598,0.0003928733013832222,100,0.15625
0.99,1.0101010101,0.45,32,0.02820513158511861,0.0007765810646560126,0.04941806786259452,0.0003888467126886868,100,0.15625
0.99,1.0101010101,0.5,32,0.02807794270302561,0.0007659206059365665,0.04936118842718439,0.0004041591091240825,100,0.1875
0.99,1.0101010101,0,64,0.02948833845319166,0,0.04996164346306377,2.622655377657235e-18,100,0
0.99,1.0101010101,0.05,64,0.02937748460797421,6.76183353712026e-05,0.05006883494473504,0.0001171064289158859,100,0.03125
0.99,1.0101010101,0.1,64,0.02987175593266669,0.0005843639744908738,0.04989971795564502,0.0002469369733926429,100,0.09375
0.99,1.0101010101,0.15,64,0.0298394017090397,0.0005836827820434871,0.04985546226870115,0.0002486808611880783,100,0.09375
0.99,1.0101010101,0.2,64,0.02980679308728344,0.0005842125872550449,0.04980384711860888,0.0002489191457726912,100,0.09375
0.99,1.0101010101,0.25,64,0.03011127579680942,0.0009046271685871937,0.04943888674816444,0.000332306736484699,100,0.15625
0.99,1.0101010101,0.3,64,0.03007176086682463,0.0009063075811016921,0.04937551800254159,0.0003291288898069904,100,0.15625
0.99,1.0101010101,0.35,64,0.03003339067440207,0.0009027070787750078,0.04938613742647977,0.0003371932322432182,100,0.171875
0.99,1.0101010101,0.4,64,0.02986571337878986,0.0009248980772787864,0.04963996808032227,0.0004411256905960605,100,0.25
0.99,1.0101010101,0.45,64,0.02981891627247529,0.0009174377984024344,0.0495383031962458,0.0004427992513148269,100,0.25
0.99,1.0101010101,0.5,64,0.02913435824446184,0.001014336817614588,0.04894173198481061,0.0004625476537849253,100,0.28125
1,1,0,4,0.03867330414515011,0,0.0398130156369773,0,100,0
1,1,0.05,4,0.03862817400998287,0,0.03976691267642049,0,100,0
1,1,0.1,4,0.03858346211785492,0,0.03972138439764161,0,100,0
1,1,0.15,4,0.03853904562394782,0,0.03967593369162266,0,100,0
1,1,0.2,4,0.03849488377596917,0,0.03963052593159472,0,100,0
1,1,0.25,4,0.03845074855082524,0,0.03958501774953585,0,100,0
1,1,0.3,4,0.03840619609493923,0,0.03953910985487157,0,100,0
1,1,0.35,4,0.03836043369029571,0,0.03949190936149796,0,100,0
1,1,0.4,4,0.03656999760823377,0.001741860254036635,0.04054035044441624,0.001099693051102885,100,0.25
1,1,0.45,4,0.03656348750244177,0.001693699557341192,0.04047548570469964,0.00109766902598419,100,0.25
1,1,0.5,4,0.03651421261901487,0.001675464731312901,0.04037874900374848,0.001095903078773969,100,0.25
1,1,0,8,0.03867330414515011,0,0.0398130156369773,2.622655377657235e-18,100,0
1,1,0.05,8,0.03862817400998287,0,0.03976691267642049,0,100,0
1,1,0.1,8,0.03858346211785491,2.622655377657235e-18,0.03972138439764161,0,100,0
1,1,0.15,8,0.03853904562394782,2.622655377657235e-18,0.03967593369162265,2.622655377657235e-18,100,0
1,1,0.2,8,0.03849488377596916,2.622655377657235e-18,0.03963052593159472,0,100,0
1,1,0.25,8,0.03845074855082525,2.622655377657235e-18,0.03958501774953585,0,100,0
1,1,0.3,8,0.03840619609493923,0,0.03953910985487157,2.622655377657235e-18,100,0
1,1,0.35,8,0.03836043369029571,0,0.03949190936149796,0,100,0
1,1,0.4,8,0.03744092773525209,0.0008709301270183173,0.03999050391886481,0.0005498465255514423,100,0.125
1,1,0.45,8,0.03741033728111238,0.0008468497786705961,0.03992665119170755,0.0005488345129920948,100,0.125
1,1,0.5,8,0.03735194498467131,0.0008377323656564503,0.03983079746436149,0.0005479515393869842,100,0.125
1,1,0,16,0.03867330414515012,3.583229404124381e-18,0.0398130156369773,0,100,0
1,1,0.05,16,0.03862817400998287,0,0.0397669126764205,3.583229404124381e-18,100,0
1,1,0.1,16,0.03855655816643772,2.690395141718635e-05,0.03998035474078964,0.0002589703431480298,100,0.0625
1,1,0.15,16,0.03851241772639881,2.662789754901687e-05,0.03995652849150682,0.0002805947998841593,100,0.0625
1,1,0.2,16,0.0384676510377108,2.723273825837183e-05,0.03992278756612884,0.0002922616345341078,100,0.0625
1,1,0.25,16,0.03842216639953581,2.858215128942639e-05,0.03987808260605498,0.000293064856519142,100,0.0625
1,1,0.3,16,0.03837606102719529,3.01350677439317e-05,0.039821387502838,0.000282277647966434,100,0.0625
1,1,0.35,16,0.03832846371891361,3.196997138211164e-05,0.03975139498410339,0.0002594856226054393,100,0.0625
1,1,0.4,16,0.03784178380685765,0.0004345320888917723,0.03994007406489595,0.0003431486018576539,100,0.125
1,1,0.45,16,0.03779455023164865,0.0004226256479124775,0.039829547825273,0.0003166343539557704,100,0.125
1,1,0.5,16,0.03772155315766585,0.0004184784686330905,0.03967494353166724,0.0002910334824848937,100,0.125
1,1,0,32,0.03867330414515012,2.49252427068601e-18,0.0398130156369773,1.246262135343005e-18,100,0
1,1,0.05,32,0.03862817400998289,3.738786406029014e-18,0.03976691267642048,1.246262135343005e-18,100,0
1,1,0.1,32,0.03857001014214632,1.345197570859317e-05,0.03985086956921563,0.000129485171574015,100,0.03125
1,1,0.15,32,0.03852573167517331,1.331394877450843e-05,0.03981623109156474,0.0001402973999420795,100,0.03125
1,1,0.2,32,0.03848126740683998,1.361636912918591e-05,0.03977665674886179,0.0001461308172670538,100,0.03125
1,1,0.25,32,0.03756442791755824,0.001073120429862725,0.03935419990171576,0.0003100169624659721,100,0.09375
1,1,0.3,32,0.0375111483583091,0.001080196322484456,0.03930903368265325,0.0003029422100272,100,0.09375
1,1,0.35,32,0.03748836895623834,0.0010565883372699,0.0392523115658843,0.0002959930366202185,100,0.09375
1,1,0.4,32,0.03700386097380038,0.001060862468858505,0.03949958812845469,0.0003734297148778514,100,0.15625
1,1,0.45,32,0.03698293498707862,0.001031251595224483,0.03940607429133584,0.000370841983693869,100,0.15625
1,1,0.5,32,0.03683317156459983,0.001016981863651335,0.03937880580242046,0.000386766987079872,100,0.1875
1,1,0,64,0.03867330414515011,0,0.03981301563697726,4.371092296095392e-18,100,0
1,1,0.05,64,0.03854422068422876,7.737318822902761e-05,0.03992355262647507,0.0001115795210062901,100,0.03125
1,1,0.1,64,0.03909473995015219,0.0006624440868675977,0.03977847676226126,0.0002277864150724679,100,0.09375
1,1,0.15,64,0.03905272412845313,0.0006616271864780111,0.03974382198869236,0.0002291455001572899,100,0.09375
1,1,0.2,64,0.03900975113392102,0.0006622606606549421,0.03970346687657634,0.0002293807860142141,100,0.09375
1,1,0.25,64,0.03927671840869375,0.001066509662864046,0.03935127601885822,0.0002972668497369092,100,0.15625
1,1,0.3,64,0.03922515652407878,0.001068976345127593,0.03930164163275415,0.0002947665665420386,100,0.15625
1,1,0.35,64,0.03918127175324337,0.001063679075539907,0.03931750416037117,0.0003018304369699095,100,0.171875
1,1,0.4,64,0.03900470329648077,0.001091079497289595,0.03957493607245243,0.0003991249172185895,100,0.25
1,1,0.45,64,0.03894776057714287,0.001081761465844999,0.0394933403345086,0.0003999556007030261,100,0.25
1,1,0.5,64,0.03805288481609879,0.001221595924279686,0.03871045717521194,0.0006141999097126016,100,0.28125
1.01,0.990099009901,0,4,0.04862081964091888,0,0.03053053306185481,0,100,0
1.01,0.990099009901,0.05,4,0.0485639364685248,0,0.0304956009788617,0,100,0
1.01,0.990099009901,0.1,4,0.04850711106670504,0,0.03046091242721818,0,100,0
1.01,0.990099009901,0.15,4,0.04845042201315458,0,0.03042609068551898,0,100,0
1.01,0.990099009901,0.2,4,0.04839389610828342,0,0.03039133990653847,0,100,0
1.01,0.990099009901,0.25,4,0.04833721730420523,0,0.03035656404696151,0,100,0
1.01,0.990099009901,0.3,4,0.04827981193412599,0,0.03032158677398153,0,100,0
1.01,0.990099009901,0.35,4,0.04822057328626124,0,0.03028589641827187,0,100,0
1.01,0.990099009901,0.4,4,0.04624288412622928,0.001914141585783818,0.03125737608274635,0.001009818394044126,100,0.25
1.01,0.990099009901,0.45,4,0.04623394375258652,0.001849642979116862,0.0312091512989097,0.001007525052216031,100,0.25
1.01,0.990099009901,0.5,4,0.0461647545575731,0.001823585736911991,0.03114255463300218,0.001005653198966873,100,0.25
1.01,0.990099009901,0,8,0.04862081964091887,2.622655377657235e-18,0.03053053306185482,2.622655377657235e-18,100,0
1.01,0.990099009901,0.05,8,0.0485639364685248,0,0.0304956009788617,0,100,0
1.01,0.990099009901,0.1,8,0.04850711106670504,2.622655377657235e-18,0.03046091242721818,1.311327688828617e-18,100,0
1.01,0.990099009901,0.15,8,0.04845042201315458,0,0.03042609068551899,1.311327688828617e-18,100,0
1.01,0.990099009901,0.2,8,0.04839389610828342,2.622655377657235e-18,0.03039133990653847,0,100,0
1.01,0.990099009901,0.25,8,0.04833721730420522,2.622655377657235e-18,0.03035656404696151,2.622655377657235e-18,100,0
1.01,0.990099009901,0.3,8,0.048279811934126,2.622655377657235e-18,0.03032158677398153,0,100,0
1.01,0.990099009901,0.35,8,0.04822057328626123,2.622655377657235e-18,0.03028589641827187,0,100,0
1.01,0.990099009901,0.4,8,0.04719995491912118,0.0009570707928919089,0.03075246688572428,0.0005049091970220632,100,0.125
1.01,0.990099009901,0.45,8,0.04715876524214495,0.0009248214895584309,0.03070538877280169,0.0005037625261080156,100,0.125
1.01,0.990099009901,0.5,8,0.04707654742602909,0.0009117928684559951,0.03063972803351874,0.0005028265994834365,100,0.125
1.01,0.990099009901,0,16,0.04862081964091888,1.791614702062191e-18,0.03053053306185482,2.687422053093286e-18,100,0
1.01,0.990099009901,0.05,16,0.04856393646852478,3.583229404124381e-18,0.03049560097886171,3.583229404124381e-18,100,0
1.01,0.990099009901,0.1,16,0.04848999910822507,1.711195847996618e-05,0.03067386632329865,0.0002129538960804764,100,0.0625
1.01,0.990099009901,0.15,16,0.04843374630057228,1.667571258229076e-05,0.03065582582743281,0.000229735141913827,100,0.0625
1.01,0.990099009901,0.2,16,0.04837650576187465,1.739034640875362e-05,0.03063037860453744,0.0002390386979989681,100,0.0625
1.01,0.990099009901,0.25,16,0.04831819925853362,1.901804567161535e-05,0.03059667892927016,0.0002401148823086424,100,0.0625
1.01,0.990099009901,0.3,16,0.04825885110606318,2.096082806281578e-05,0.03055404962839564,0.0002324628544140984,100,0.0625
1.01,0.990099009901,0.35,16,0.04819716429378799,2.340899247325368e-05,0.03050155653577692,0.0002156601175050598,100,0.0625
1.01,0.990099009901,0.4,16,0.0476514332518037,0.0004774953842568106,0.03068963052081948,0.0003054598710478778,100,0.125
1.01,0.990099009901,0.45,16,0.04758713051462387,0.000461393243821783,0.03060797180642192,0.0002865586059994444,100,0.125
1.01,0.990099009901,0.5,16,0.04748205954732678,0.0004553212791540362,0.03049859505772767,0.0002677192654981646,100,0.125
1.01,0.990099009901,0,32,0.04862081964091885,4.985048541372019e-18,0.03053053306185482,1.246262135343005e-18,100,0
1.01,0.990099009901,0.05,32,0.04856393646852482,3.738786406029014e-18,0.03049560097886171,2.49252427068601e-18,100,0
1.01,0.990099009901,0.1,32,0.04849855508746505,8.555979239983091e-06,0.03056738937525841,0.0001064769480402382,100,0.03125
1.01,0.990099009901,0.15,32,0.04844208415686341,8.337856291145385e-06,0.03054095825647588,0.0001148675709569135,100,0.03125
1.01,0.990099009901,0.2,32,0.04838520093507906,8.695173204376813e-06,0.03051085925553798,0.000119519348999484,100,0.03125
1.01,0.990099009901,0.25,32,0.04715639151367661,0.001369160348589311,0.03014897990385085,0.0002651373357590697,100,0.09375
1.01,0.990099009901,0.3,32,0.04708843530478481,0.001377925619322376,0.03011466901106616,0.0002600730197868462,100,0.09375
1.01,0.990099009901,0.35,32,0.04705705742305583,0.001349140691232344,0.03007183842991535,0.0002551525989276435,100,0.09375
1.01,0.990099009901,0.4,32,0.04651822277345737,0.001341018323120107,0.03031590209842121,0.0003333164792788872,100,0.15625
1.01,0.990099009901,0.45,32,0.04648581730049561,0.001304440408524183,0.0302469740831025,0.0003311923135937268,100,0.15625
1.01,0.990099009901,0.5,32,0.04630474949536793,0.001286010064058279,0.03025223644993298,0.000345795070731027,100,0.1875
1.01,0.990099009901,0,64,0.04862081964091886,2.622655377657235e-18,0.03053053306185481,0,100,0
1.01,0.990099009901,0.05,64,0.04847727686589949,8.228072592291282e-05,0.03063566954031316,0.0001011027228426811,100,0.03125
1.01,0.990099009901,0.1,64,0.04906800904917351,0.0007238394731018041,0.03051701042446217,0.000198584299628393,100,0.09375
1.01,0.990099009901,0.15,64,0.04901482477414787,0.0007229191086445843,0.03049033781842815,0.0001996524139378216,100,0.09375
1.01,0.990099009901,0.2,64,0.04895994105644782,0.0007236432615900702,0.03045961222594794,0.0001998813395077937,100,0.09375
1.01,0.990099009901,0.25,64,0.04901451667155259,0.001224341471436693,0.03006818555120777,0.0002383714232554016,100,0.15625
1.01,0.990099009901,0.3,64,0.04894711293285337,0.001227706600737959,0.03002986947758103,0.0002358775908029716,100,0.15625
1.01,0.990099009901,0.35,64,0.04889459330580281,0.00122040120651379,0.03004769284639984,0.0002421044016382894,100,0.171875
1.01,0.990099009901,0.4,64,0.04871806868646828,0.001250936867730518,0.03029777061780835,0.0003359630216737692,100,0.25
1.01,0.990099009901,0.45,64,0.04864092976210332,0.001238654790424371,0.03023915311935937,0.0003361803795119904,100,0.25
1.01,0.990099009901,0.5,64,0.04750366456134306,0.001425329706846451,0.0292649941312416,0.0008158196041794748,100,0.28125
1.02,0.980392156863,0,4,0.05851569990430334,0,0.02269655542640119,0,100,0
1.02,0.980392156863,0.05,4,0.05844782196908418,0,0.02267127810612385,0,100,0
1.02,0.980392156863,0.1,4,0.05837987149940321,0,0.02264619550752335,0,100,0
1.02,0.980392156863,0.15,4,0.05831182899394948,0,0.02262119631359383,0,100,0
1.02,0.980392156863,0.2,4,0.05824381048037944,0,0.02259634007584362,0,100,0
1.02,0.980392156863,0.25,4,0.05817594850121694,0,0.02257163786761241,0,100,0
1.02,0.980392156863,0.3,4,0.05810832145137979,0,0.02254711975242941,0,100,0
1.02,0.980392156863,0.35,4,0.0580406156481227,0,0.02252270720710869,0,100,0
1.02,0.980392156863,0.4,4,0.05598429128590658,0.001987444517104864,0.02336231676030727,0.0008643907124389495,100,0.25
1.02,0.980392156863,0.45,4,0.05598995087228113,0.001908535580088706,0.02333182724465292,0.0008609150277864929,100,0.25
1.02,0.980392156863,0.5,4,0.05593361629847193,0.001879386381248434,0.02329411937454546,0.0008575490148334929,100,0.25
1.02,0.980392156863,0,8,0.05851569990430334,0,0.02269655542640119,1.311327688828617e-18,100,0
1.02,0.980392156863,0.05,8,0.05844782196908417,2.622655377657235e-18,0.02267127810612385,0,100,0
1.02,0.980392156863,0.1,8,0.05837987149940321,0,0.02264619550752335,0,100,0
1.02,0.980392156863,0.15,8,0.05831182899394948,0,0.02262119631359383,0,100,0
1.02,0.980392156863,0.2,8,0.05824381048037942,5.24531075531447e-18,0.02259634007584362,0,100,0
1.02,0.980392156863,0.25,8,0.05817594850121694,0,0.02257163786761241,1.311327688828617e-18,100,0
1.02,0.980392156863,0.3,8,0.05810832145137979,0,0.0225471197524294,1.311327688828617e-18,100,0
1.02,0.980392156863,0.35,8,0.05804061564812269,2.622655377657235e-18,0.02252270720710869,0,100,0
1.02,0.980392156863,0.4,8,0.05697801354445902,0.0009937222585524321,0.0229301214040878,0.0004321953562194746,100,0.125
1.02,0.980392156863,0.45,8,0.05694421866232548,0.0009542677900443526,0.02290136973075967,0.0004304575138932463,100,0.125
1.02,0.980392156863,0.5,8,0.05687330948909616,0.0009396931906242173,0.02286534486712872,0.0004287745074167464,100,0.125
1.02,0.980392156863,0,16,0.05851569990430336,5.374844106186573e-18,0.0226965554264012,1.791614702062191e-18,100,0
1.02,0.980392156863,0.05,16,0.05844782196908416,3.583229404124381e-18,0.02267127810612385,0,100,0
1.02,0.980392156863,0.1,16,0.0583702261114028,9.645388000438168e-06,0.0228156546106198,0.0001694591030964583,100,0.0625
1.02,0.980392156863,0.15,16,0.05830275086153761,9.078132411865362e-06,0.02280324486469846,0.0001820485511046306,100,0.0625
1.02,0.980392156863,0.2,16,0.05823393162644065,9.878853938774352e-06,0.02278563357051993,0.0001892934946763172,100,0.0625
1.02,0.980392156863,0.25,16,0.05816435649974169,1.159200147526603e-05,0.02276227347016694,0.0001906356025545382,100,0.0625
1.02,0.980392156863,0.3,16,0.05809442748415206,1.38939672277294e-05,0.02273283354738997,0.000185713794960568,100,0.0625
1.02,0.980392156863,0.35,16,0.05802388789696986,1.672775115282768e-05,0.02269694365866194,0.0001742364515532439,100,0.0625
1.02,0.980392156863,0.4,16,0.05745400963153666,0.000495907311212853,0.02287025170150882,0.0002580774814930496,100,0.125
1.02,0.980392156863,0.45,16,0.05739282548179449,0.0004760837284858755,0.02281819684589148,0.0002448929187921231,100,0.125
1.02,0.980392156863,0.5,16,0.05729732600370414,0.0004690257332380582,0.02275370764138842,0.0002314786310327305,100,0.125
1.02,0.980392156863,0,32,0.05851569990430331,4.985048541372019e-18,0.02269655542640117,2.49252427068601e-18,100,0
1.02,0.980392156863,0.05,32,0.05844782196908422,7.477572812058028e-18,0.02267127810612387,3.115655338357512e-18,100,0
1.02,0.980392156863,0.1,32,0.05837504880540302,4.822694000219085e-06,0.02273092505907157,8.472955154822916e-05,100,0.03125
1.02,0.980392156863,0.15,32,0.05830728992774355,4.539066205932681e-06,0.02271222058914614,9.102427555231538e-05,100,0.03125
1.02,0.980392156863,0.2,32,0.05823887105341009,4.939426969387172e-06,0.02269098682318179,9.46467473381586e-05,100,0.03125
1.02,0.980392156863,0.25,32,0.0566908571650576,0.001664018350576111,0.0223993557267316,0.0002149636748942777,100,0.09375
1.02,0.980392156863,0.3,32,0.05661102105803727,0.001674480519708298,0.02237556759532686,0.0002115201984248887,100,0.09375
1.02,0.980392156863,0.35,32,0.05657578004682579,0.001640855569530257,0.0223462893742528,0.0002081697995432213,100,0.09375
1.02,0.980392156863,0.4,32,0.05601808691850474,0.0016189753293733,0.02257216278903598,0.0002814894807785217,100,0.15625
1.02,0.980392156863,0.45,32,0.05599309551548463,0.001576219673945056,0.02252887092542639,0.0002798784009403964,100,0.15625
1.02,0.980392156863,0.5,32,0.0558280873604689,0.001554826046056489,0.02255994342756051,0.0002921967070832157,100,0.1875
1.02,0.980392156863,0,64,0.05851569990430333,8.742184592190784e-19,0.02269655542640118,1.311327688828617e-18,100,0
1.02,0.980392156863,0.05,64,0.05836385030254278,8.159660173444787e-05,0.0227911424674416,8.77569315508613e-05,100,0.03125
1.02,0.980392156863,0.1,64,0.05898075347700345,0.0007670237372198018,0.02269921791494958,0.0001650078014335118,100,0.09375
1.02,0.980392156863,0.15,64,0.05891711564443822,0.0007657445612285426,0.02268002272691351,0.0001659062397014078,100,0.09375
1.02,0.980392156863,0.2,64,0.05885168532333513,0.0007670061366883218,0.02265821953255415,0.0001661756943735096,100,0.09375
1.02,0.980392156863,0.25,64,0.0587624704950301,0.00136422849783281,0.02235341473085867,0.0001963195526882511,100,0.15625
1.02,0.980392156863,0.3,64,0.05868302634324048,0.001368576236278063,0.02232712296565021,0.0001946510687327693,100,0.15625
1.02,0.980392156863,0.35,64,0.05862563585657644,0.001358883015597711,0.0223480446875057,0.0001998401305563226,100,0.171875
1.02,0.980392156863,0.4,64,0.05846853333519978,0.001390194597082815,0.02258403942817687,0.0002823625446237006,100,0.25
1.02,0.980392156863,0.45,64,0.05838742940831934,0.001374107673533641,0.0225501196361413,0.0002823045036800756,100,0.25
1.02,0.980392156863,0.5,64,0.05705227666020832,0.001612837077373733,0.02138728521473885,0.001041856100807119,100,0.28125
